CustomerName,CustomerDeliveryAddress,CustomerBillingAddress,Email,Phone
Meggi Conningham,"Ardlahan, Limerick","Aghanagh, Sligo",mconningham0@tuttocitta.it,829 219 3789
Daveta Barnett,"Ardlaman, Limerick","Aghanagran Lower, Kerry",dbarnett1@newyorker.com,954 303 9292
Nonna Butte,"Ardlaman, Tipperary","Aghanagran Middle, Kerry",nbutte2@buzzfeed.com,978 857 0626
Dita Schlagtmans,"Ardlaraghan, Louth","Aghanagran Upper, Kerry",dschlagtmans3@domainmarket.com,208 466 5075
Romona aManger,"Ardlavagh, Roscommon","Aghanahil, Galway",ramanger4@imageshack.us,928 585 8382
Ondrea Blasdale,"Ardlea, Laois","Aghanahown, Longford",oblasdale5@smugmug.com,692 215 9028
Jeannette Dugan,"Ardleag, Cork","Aghanameena, Monaghan",jdugan6@salon.com,388 407 5946
Zsazsa Wainwright,"Ardleckna, Roscommon","Aghananimy, Monaghan",zwainwright7@freewebs.com,319 145 9848
Corrianne Dixsee,"Ardlee, Mayo","Aghanapisha, Westmeath",cdixsee8@washingtonpost.com,447 794 5130
Gerladina Halden,"Ardlee, Sligo","Aghanargit, Westmeath",ghalden9@themeforest.net,920 538 0502
Elysia Humber,"Ardleebeg, Sligo","Aghanascortan, Meath",ehumbera@soup.io,456 913 2959
Alister Clerke,"Ardlenagh, Donegal","Aghanashanamore, Westmeath",aclerkeb@tmall.com,343 836 3560
Dov Scudamore,"Ardleny, Cavan","Aghanboy, Kerry",dscudamorec@virginia.edu,190 238 0142
Erv Gayne,"Ardline, Sligo","Aghancarnan, Offaly",egayned@psu.edu,158 987 4920
Daune Brumham,"Ardloman, Tipperary","Aghancarra, Leitrim",dbrumhame@google.pl,213 185 6078
Ardyth Patrickson,"Ardlona, Sligo","Aghancon, Offaly",apatricksonf@alibaba.com,197 306 5147
Gianni Clubley,"Ardlonan, Meath","Aghaneenagh, Cork",gclubleyg@wsj.com,846 172 2218
Ardelis Kuscha,"Ardlougher, Cavan","Aghangaddy Glebe, Donegal",akuschah@upenn.edu,720 762 0379
Donnie Hann,"Ardlougher, Cavan","Aghanlish, Leitrim",dhanni@linkedin.com,600 419 3761
Idelle Letteresse,"Ardlougher, Cavan","Aghanoran, Longford",iletteressej@nydailynews.com,897 217 8547
Gorden Houtbie,"Ardlougher, Cavan","Aghanrush, Offaly",ghoutbiek@drupal.org,208 622 0875
Felicia Dranfield,"Ardlougher, Donegal","Aghantrah, Longford",fdranfieldl@360.cn,910 862 3869
Octavia Bucktharp,"Ardlougher, Leitrim","Aghanure, Carlow",obucktharpm@comcast.net,685 508 7249
Bevin Ivantyev,"Ardlougher, Roscommon","Aghanure, Kildare",bivantyevn@exblog.jp,269 449 8534
Corene Basketter,"Ardloughill, Donegal","Aghanure, Laois",cbaskettero@exblog.jp,363 544 3554
Grayce Mynett,"Ardlow, Cavan","Aghanursan, Donegal",gmynettp@indiegogo.com,197 428 1018
Agosto Dawidowicz,"Ardloy, Sligo","Aghanvally, Longford",adawidowiczq@umich.edu,862 126 1001
Kenton Kiefer,"Ardmaclancy, Clare","Aghanvilla, Offaly",kkieferr@reuters.com,511 431 8014
Colin Maiklem,"Ardmacroan, Roscommon","Aghanvoneen, Westmeath",cmaiklems@census.gov,971 178 1056
Amble Galbreth,"Ardmaghbreague, Meath","Aghany, Galway",agalbretht@qq.com,575 316 0659
Falito Absolom,"Ardmalin, Donegal","Aghany, Mayo",fabsolomu@sciencedirect.com,457 412 2203
Winnifred Colafate,"Ardmanagh, Cork","Agharah, Cavan",wcolafatev@auda.org.au,329 402 9497
Nerta Rose,"Ardmartin, Cork","Agharahan, Cavan",nrosew@creativecommons.org,521 237 2059
Tove Charte,"Ardmayle, Tipperary","Agharanagh, Longford",tchartex@bluehost.com,572 369 2127
Decca Polino,"Ardmayle East, Tipperary","Agharann, Leitrim",dpolinoy@epa.gov,688 499 8461
Marius Gerrish,"Ardmayle West, Tipperary","Agharanny, Westmeath",mgerrishz@cocolog-nifty.com,723 205 7827
Domingo Wymer,"Ardmeelode, Kerry","Agharaskilly, Cavan",dwymer10@scribd.com,234 722 4420
Hilarius Blakeden,"Ardmeen, Donegal","Aghards, Kildare",hblakeden11@themeforest.net,109 492 1370
Camey Dripps,"Ardmeenan, Leitrim","Aghareagh, Longford",cdripps12@usatoday.com,837 602 3350
Ruthanne Flament,"Ardminnan, Sligo","Aghareagh, Monaghan",rflament13@flickr.com,995 923 3887
Layla Varrow,"Ardmone, Cavan","Aghareagh Bog, Longford",lvarrow14@youtube.com,377 240 2348
Durward Geany,"Ardmone East, Cavan","Aghareagh East, Monaghan",dgeany15@skyrock.com,190 179 3525
Huberto Ketley,"Ardmoneel, Kerry","Aghareagh West, Monaghan",hketley16@wufoo.com,831 250 7801
Christel Burberry,"Ardmoneen, Cavan","Agharevagh East, Westmeath",cburberry17@meetup.com,397 442 1034
Mame Seatter,"Ardmoneen, Leitrim","Agharevagh West, Westmeath",mseatter18@rambler.ru,301 453 4297
Paloma Hasted,"Ardmone West, Cavan","Aghareville Lower, Mayo",phasted19@archive.org,216 366 5720
Cheston Davidow,"Ardmoran, Mayo","Aghareville Upper, Mayo",cdavidow1a@illinois.edu,467 737 1572
Saloma Sallier,"Ardmore, Clare","Agharickard, Longford",ssallier1b@slashdot.org,279 637 6120
Jonis Howen,"Ardmore, Cork","Agharinagh, Cork",jhowen1c@utexas.edu,956 879 7820
Alec Scones,"Ardmore, Cork","Agharoosky, Leitrim",ascones1d@google.fr,861 326 5294
Goran Franklin,"Ardmore, Cork","Agharra, Longford",gfranklin1e@vk.com,767 360 4480
Enoch De Caroli,"Ardmore, Donegal","Agharroo, Leitrim",ede1f@sina.com.cn,181 315 8562
Darrick Burvill,"Ardmore, Galway","Agharrow, Sligo",dburvill1g@go.com,324 395 5909
Lucila Reaper,"Ardmore, Galway","Agharue, Carlow",lreaper1h@house.gov,427 850 6240
Camellia Fullegar,"Ardmore, Galway","Aghasheil, Donegal",cfullegar1i@etsy.com,358 864 0276
Morissa Dawid,"Ardmore, Kerry","Aghataharn, Mayo",mdawid1j@arstechnica.com,345 860 1951
Kerstin MacGillespie,"Ardmore, Kildare","Aghatamy, Monaghan",kmacgillespie1k@cnbc.com,122 788 5678
Englebert Stucksbury,"Ardmore, Limerick","Aghatawny Lower, Leitrim",estucksbury1l@ed.gov,542 195 9099
Arch Howlin,"Ardmore, Mayo","Aghatawny Upper, Leitrim",ahowlin1m@google.es,325 156 8180
Paddie Gawn,"Ardmore, Mayo","Aghateeduff, Cavan",pgawn1n@liveinternet.ru,680 564 0379
Farrell Taffs,"Ardmore, Roscommon","Aghateemore Glebe, Cavan",ftaffs1o@reference.com,321 542 6765
Valentine Sabbatier,"Ardmore, Roscommon","Aghateggal, Cavan",vsabbatier1p@live.com,408 214 7469
Philip de Quincey,"Ardmore, Roscommon","Aghaterry, Laois",pde1q@businessweek.com,702 370 0139
Elisha O'Dyvoie,"Ardmore, Waterford","Aghateskin, Monaghan",eodyvoie1r@sbwire.com,198 391 8747
Galvin Henrique,"Ardmore, Westmeath","Aghathomas, Meath",ghenrique1s@tiny.cc,374 933 1794
Kala Belden,"Ardmore Point, Mayo","Aghatotan, Cavan",kbelden1t@irs.gov,577 911 5230
Fidelio Iglesias,"Ardmorney, Westmeath","Aghatubbrid, Donegal",figlesias1u@latimes.com,791 973 8018
Stinky Odam,"Ardmoyle, Roscommon","Aghatubrid, Kerry",sodam1v@xinhuanet.com,496 302 5705
Fayina Beidebeke,"Ardmoyle, Sligo","Aghatubrid, Kerry",fbeidebeke1w@cam.ac.uk,125 880 4935
Kirbie Lebel,"Ardmulchan, Meath","Aghatubrid Beg, Cork",klebel1x@desdev.cn,343 701 2215
Jeannette Eilers,"Ardmulchan, Meath","Aghatubrid More, Cork",jeilers1y@intel.com,516 536 3053
Weylin Rustadge,"Ardmullan, Roscommon","Aghavadden, Leitrim",wrustadge1z@cafepress.com,994 810 2513
Nefen Boothroyd,"Ardnableask, Donegal","Aghavadden, Longford",nboothroyd20@mysql.com,385 258 0909
Jorie Guidoni,"Ardnaboha, Cork","Aghavaddy, Cavan",jguidoni21@usda.gov,909 297 0774
Parnell Letty,"Ardnabourkey, Cork","Aghavadrin, Cavan",pletty22@example.com,319 877 2841
Travus Drillingcourt,"Ardnaboy, Wicklow","Aghavannagh, Wicklow",tdrillingcourt23@vkontakte.ru,759 280 5249
Cullin Dunbobin,"Ardnacally, Mayo","Aghavannagh, Wicklow",cdunbobin24@hostgator.com,272 801 2543
Tracie Zelner,"Ardnacassagh, Longford","Aghavannagh Mountain, Wicklow",tzelner25@chronoengine.com,712 917 4511
Cart Summerlie,"Ardnacloghy, Cork","Aghavannan Far, Donegal",csummerlie26@huffingtonpost.com,819 752 2120
Timoteo Pye,"Ardnacloghy, Cork","Aghavannan Near, Donegal",tpye27@dailymotion.com,436 239 8534
Augie Kilduff,"Ardnaclug, Cork","Aghavanny, Leitrim",akilduff28@devhub.com,692 687 0077
Heath Gorrick,"Ardnacraa, Clare","Aghavas, Leitrim",hgorrick29@samsung.com,119 708 0877
Mady Laughnan,"Ardnacrany North, Westmeath","Aghavas, Leitrim",mlaughnan2a@harvard.edu,492 261 2397
Rowen Tomasoni,"Ardnacrany South, Westmeath","Aghaveagh, Donegal",rtomasoni2b@theglobeandmail.com,840 627 8474
Perice Heber,"Ardnacrohy, Limerick","Aghaveans, Cavan",pheber2c@networksolutions.com,837 900 2349
Sabra Speight,"Ardnacross Island, Galway","Aghavilla, Cavan",sspeight2d@dion.ne.jp,160 467 9666
Angil McGaugie,"Ardnacrusha, Clare","Aghavilla, Leitrim",amcgaugie2e@t-online.de,930 684 4822
Pepita Roycroft,"Ardnacrushy, Cork","Aghavilla, Monaghan",proycroft2f@vimeo.com,865 125 6039
Dot Bolduc,"Ardnacullia North, Clare","Aghaville, Cork",dbolduc2g@kickstarter.com,180 301 7289
Cullie Broxup,"Ardnacullia South, Clare","Aghaviller, Kilkenny",cbroxup2h@google.com.hk,729 854 1062
Ced Hearnes,"Ardnaditian, Donegal","Aghavine, Cork",chearnes2i@wix.com,708 168 3152
Audrie Sanford,"Ardnadoman East, Galway","Aghavoghil, Leitrim",asanford2j@utexas.edu,580 308 0518
Donnamarie Coldtart,"Ardnadoman West, Galway","Aghavoher, Cavan",dcoldtart2k@washington.edu,290 279 4077
Kendricks Worden,"Ardnagall, Galway","Aghavoneen, Westmeath",kworden2l@edublogs.org,166 522 6931
Beckie Pigford,"Ardnagalliagh, Donegal","Aghavore, Leitrim",bpigford2m@google.com,942 612 9335
Cammi M'Quharge,"Ardnagannagh, Donegal","Aghavrin, Cork",cmquharge2n@cornell.edu,309 329 2176
Stearne Iannelli,"Ardnagappary, Donegal","Aghawaracahill, Roscommon",siannelli2o@i2i.jp,584 768 1554
Fin Denisyev,"Ardnagashel, Cork","Aghaward, Longford",fdenisyev2p@bloglovin.com,332 554 8220
Calli Schirak,"Ardnagassan, Donegal","Aghaward, Mayo",cschirak2q@behance.net,369 753 6809
Lammond Eggar,"Ardnagassane, Tipperary","Aghaway, Cavan",leggar2r@un.org,534 157 4908
Dael Brameld,"Ardnageeha, Cork","Aghawee, Cavan",dbrameld2s@nps.gov,186 384 6463
Tull Mac Giolla Pheadair,"Ardnageeha, Galway","Aghawee, Donegal",tmac2t@ca.gov,499 972 6609
Brook Stollwerk,"Ardnageehy, Cork","Aghaweely Lower, Cavan",bstollwerk2u@oaic.gov.au,855 590 3422
Sancho O'Hagan,"Ardnageehy Beg, Cork","Aghaweely Upper, Cavan",sohagan2v@linkedin.com,365 276 5345
Jammal Scullard,"Ardnageehy East, Cork","Aghaweenagh, Cavan",jscullard2w@hud.gov,319 391 2909
Sutherland Gasquoine,"Ardnageehy More, Cork","Aghawerriny, Roscommon",sgasquoine2x@google.com.hk,291 257 9554
Karon Faiers,"Ardnageehy West, Cork","Aghawillin, Leitrim",kfaiers2y@liveinternet.ru,506 760 1048
Terrance Whitcomb,"Ardnagla, Clare","Aghawillin, Leitrim",twhitcomb2z@hud.gov,855 921 0565
Ardra Sandars,"Ardnaglass, Donegal","Aghawinnaun, Clare",asandars30@simplemachines.org,420 466 8881
Lenora Cullotey,"Ardnaglass, Donegal","Aghawonan, Cavan",lcullotey31@netvibes.com,266 532 4728
Arnoldo Kiljan,"Ardnaglass, Sligo","Aghawoney, Donegal",akiljan32@ucla.edu,373 434 5841
Ralf Narey,"Ardnaglass Lower, Sligo","Aghayeevoge, Donegal",rnarey33@sogou.com,902 287 9367
Clarine Glentworth,"Ardnaglass Upper, Sligo","Aghclare, Kilkenny",cglentworth34@addtoany.com,702 865 3364
Farlay Perryn,"Ardnaglew, Westmeath","Aghcross, Laois",fperryn35@cnbc.com,741 559 2024
Quintilla Oliphard,"Ardnaglug, Roscommon","Aghduff, Laois",qoliphard36@nyu.edu,545 221 1668
Antoine Weatherburn,"Ardnaglug, Westmeath","Agheeshal, Monaghan",aweatherburn37@boston.com,998 993 7647
Sheeree McFetridge,"Ardnagno, Galway","Aghenderry, Kilkenny",smcfetridge38@histats.com,459 571 7753
Peder Gerber,"Ardnagor, Mayo","Agher, Meath",pgerber39@goodreads.com,197 807 3835
Lars Gonoude,"Ardnagowna, Roscommon","Agheracalkill, Monaghan",lgonoude3a@weibo.com,997 187 4392
Audy Bende,"Ardnagragh, Westmeath","Agheragh, Meath",abende3b@wired.com,874 939 0333
Noelani Fasson,"Ardnagreevagh, Galway","Agherakeltan, Monaghan",nfasson3c@clickbank.net,928 436 5438
Burton McGaffey,"Ardnagrena, Cork","Agheralane, Monaghan",bmcgaffey3d@tamu.edu,300 239 9321
Annabelle Kuschek,"Ardnagroghery, Cork","Aghern East, Cork",akuschek3e@nytimes.com,233 850 1122
Lesley Verner,"Ardnagross, Kildare","Aghern West, Cork",lverner3f@weebly.com,456 628 1692
Towney Keiley,"Ardnagross, Westmeath","Aghfarrell, Dublin",tkeiley3g@hibu.com,232 949 5851
Marnie Cornilleau,"Ardnahea, Clare","Aghfarrell, Wicklow",mcornilleau3h@cnet.com,200 239 3461
Griffin Jankiewicz,"Ardnahinch, Cork","Aghills, Cork",gjankiewicz3i@slashdot.org,444 819 2206
Ivan Reyner,"Ardnahow, Waterford","Aghilly And Lenynarnan, Donegal",ireyner3j@com.com,650 196 7672
Vivian Loiterton,"Ardnamanagh, Cork","Aghinaspick, Longford",vloiterton3k@mashable.com,137 752 7915
Alice Danjoie,"Ardnamoghill, Donegal","Aghinillard, Monaghan",adanjoie3l@google.de,850 291 2348
Hoyt Fosken,"Ardnamoher, Limerick","Aghinish, Mayo",hfosken3m@prlog.org,315 772 9300
Marj Shillington,"Ardnamullagh, Roscommon","Aghinraheen, Kilkenny",mshillington3n@i2i.jp,706 316 8842
Sigismond Maiklem,"Ardnamullan, Meath","Aghintamy, Monaghan",smaiklem3o@over-blog.com,240 391 1383
Claribel Matz,"Ardnamweely, Kerry","Aghintass, Leitrim",cmatz3p@psu.edu,520 524 7758
Doretta Coales,"Ardnanagh, Roscommon","Aghinteeduff, Leitrim",dcoales3q@tamu.edu,217 654 8387
Isiahi Kubas,"Ardnanean, Limerick","Aghintemple, Longford",ikubas3r@nytimes.com,427 281 5141
Colet Geistbeck,"Ardnanure, Roscommon","Aghintober, Leitrim",cgeistbeck3s@cpanel.net,181 276 0062
Devin Welton,"Ardnaponra, Westmeath","Aghlacon, Leitrim",dwelton3t@tinypic.com,968 628 4370
Pat Oultram,"Ardnapreaghaun, Limerick","Aghlattacru, Monaghan",poultram3u@plala.or.jp,515 573 7693
Haven Paddock,"Ardnaree, Donegal","Aghleam, Mayo",hpaddock3v@parallels.com,393 332 3434
Isidora Athersmith,"Ardnaree, Mayo","Aghleam, Mayo",iathersmith3w@hostgator.com,141 636 5176
Michelle Lawland,"Ardnasallem, Monaghan","Aghlehard, Donegal",mlawland3x@mac.com,378 388 6035
Robinet Gulvin,"Ardnasillagh, Galway","Aghlem, Donegal",rgulvin3y@sourceforge.net,811 270 2301
Burke Ianilli,"Ardnasodan, Galway","Aghlin, Leitrim",bianilli3z@reverbnation.com,780 896 8111
Arnie Pringour,"Ardnasool, Donegal","Aghlisk, Galway",apringour40@phpbb.com,577 855 0807
Reese Tomaskov,"Ardnaveagh, Limerick","Aghloonagh, Roscommon",rtomaskov41@wikipedia.org,666 836 7708
Kennett Bagshawe,"Ardneeskan, Sligo","Aghmacart, Laois",kbagshawe42@yellowpages.com,496 180 3545
Guglielma Kerins,"Ardnehue, Carlow","Aghmagree, Roscommon",gkerins43@who.int,646 685 4818
Mychal McCaughey,"Ardnurcher, Westmeath","Aghmakerr, Monaghan",mmccaughey44@scientificamerican.com,313 539 9129
Byrle Dennant,"Ardnurcher Glebe, Offaly","Aghmanister And Spital, Cork",bdennant45@google.cn,939 829 6856
Michele Grigg,"Ardobireen, Tipperary","Aghnabohy, Westmeath",mgrigg46@cocolog-nifty.com,753 955 5596
Jabez Siflet,"Ardocheasty, Waterford","Aghnacally, Cavan",jsiflet47@mashable.com,158 501 2856
Bran Jeanes,"Ardogeena, Cork","Aghnacally Glebe, Longford",bjeanes48@godaddy.com,247 644 8203
Irena Sproat,"Ardogelly, Sligo","Aghnaclea, Monaghan",isproat49@howstuffworks.com,897 179 5446
Zuzana Coombs,"Ardoghil, Longford","Aghnacliff, Longford",zcoombs4a@comcast.net,619 877 6149
Maris Jerdon,"Ardoginna, Waterford","Aghnacliff, Longford",mjerdon4b@arizona.edu,745 307 7299
Rozelle Tinner,"Ardogommon, Mayo","Aghnaclue, Cavan",rtinner4c@dedecms.com,800 630 7130
Carrol Westmancoat,"Ardohill, Tipperary","Aghnacollia, Cavan",cwestmancoat4d@ask.com,470 305 4615
Ellen Ogilby,"Ardoley, Mayo","Aghnacor, Cavan",eogilby4e@ning.com,908 108 5495
Cyrillus Klimshuk,"Ardonan, Cavan","Aghnacranagh, Longford",cklimshuk4f@hubpages.com,692 187 4767
Lebbie Ingraham,"Ardoohy, Cavan","Aghnacreevy, Cavan",lingraham4g@mozilla.org,923 720 0712
Rubi Faux,"Ardoslough, Galway","Aghnacross, Laois",rfaux4h@imgur.com,706 714 4379
Essa Footer,"Ardough, Laois","Aghnacross, Leitrim",efooter4i@unicef.org,470 110 3136
Ginnifer Topp,"Ardoughan, Mayo","Aghnacross, Longford",gtopp4j@google.co.uk,669 404 6068
Donni Beare,"Ardoughter, Kerry","Aghnacue, Monaghan",dbeare4k@mail.ru,321 626 7560
Dunc Edon,"Ardour, Galway","Aghnadamph, Monaghan",dedon4l@flavors.me,342 313 1021
Ina Aldhouse,"Ardowen, Mayo","Aghnadaragan, Cavan",ialdhouse4m@list-manage.com,853 891 5829
Lonni Kattenhorn,"Ardowen Common, Mayo","Aghnadrung, Cavan",lkattenhorn4n@purevolume.com,242 553 9988
Elke Maryott,"Ardoyne, Wicklow","Aghnafarcan, Monaghan",emaryott4o@slashdot.org,267 895 5798
Stavro Smartman,"Ardpaddin, Waterford","Aghnagap, Monaghan",ssmartman4p@narod.ru,273 318 7185
Jermayne Frodsham,"Ardpatrick, Limerick","Aghnagarron, Longford",jfrodsham4q@shutterfly.com,341 101 1323
Felicio Emney,"Ardpatrick, Limerick","Aghnagillagh, Meath",femney4r@google.nl,683 929 8954
Dmitri McEnhill,"Ardpatrick, Louth","Aghnaglear, Carlow",dmcenhill4s@freewebs.com,358 979 4163
Rasla Paulou,"Ardpattan, Donegal","Aghnaglogh, Cavan",rpaulou4t@hibu.com,581 758 2335
Hortensia Cocklin,"Ardra, Cavan","Aghnaglogh, Cavan",hcocklin4u@csmonitor.com,488 109 4116
Laurie Harcourt,"Ardra, Cork","Aghnaglogh, Monaghan",lharcourt4v@tuttocitta.it,349 678 0839
Vladamir Izkoveski,"Ardra, Cork","Aghnagollop, Leitrim",vizkoveski4w@fotki.com,106 773 0816
Imojean Mitcham,"Ardra, Kilkenny","Aghnagore, Longford",imitcham4x@meetup.com,556 116 9276
Patric Shoesmith,"Ardra, Offaly","Aghnagrange, Roscommon",pshoesmith4y@bizjournals.com,357 339 6321
Montague Edgeson,"Ardra Beg, Cork","Aghnagross, Offaly",medgeson4z@cisco.com,733 406 6874
Marcela Andreacci,"Ardragh, Monaghan","Aghnaguig, Cavan",mandreacci50@wikia.com,623 801 1116
Gisella Delle,"Ardragh, Tipperary","Aghnaha, Monaghan",gdelle51@samsung.com,247 869 0848
Emelita Rennix,"Ardrah, Cork","Aghnahaha, Leitrim",erennix52@baidu.com,254 486 7964
Chalmers Suttle,"Ardrah, Cork","Aghnahaia Glebe, Cavan",csuttle53@paypal.com,329 665 7104
Eveline Carde,"Ardrahan, Galway","Aghnahederny, Cavan",ecarde54@wikimedia.org,317 223 8248
Dwayne Solesbury,"Ardrahan, Kerry","Aghnahily, Laois",dsolesbury55@vinaora.com,266 972 5555
Keelby Matoshin,"Ardrahan North, Galway","Aghnahily Bog, Laois",kmatoshin56@blogtalkradio.com,111 198 7886
Rad D'Alessandro,"Ardrahan South, Galway","Aghnahola, Monaghan",rdalessandro57@ft.com,905 199 0943
Vilma Lissandre,"Ardraheen Beg, Sligo","Aghnahoo, Leitrim",vlissandre58@list-manage.com,713 570 1455
Miles McFater,"Ardraheen More, Sligo","Aghnahoo, Leitrim",mmcfater59@japanpost.jp,374 713 2593
Thalia Wehden,"Ardrahin, Limerick","Aghnahoo Glebe, Donegal",twehden5a@mashable.com,602 898 6591
Bernadene Smallridge,"Ardraly, Cork","Aghnahunshin, Leitrim",bsmallridge5b@umn.edu,503 191 7216
Maggee Mapstone,"Ardra More, Cork","Aghnahunshin, Monaghan",mmapstone5c@sun.com,429 389 4442
Tandie Realff,"Ardranny Beg, Galway","Aghnakeeragh, Donegal",trealff5d@1und1.de,418 192 5225
Cris Everwin,"Ardranny More, Galway","Aghnamaddoo, Longford",ceverwin5e@nih.gov,617 518 9758
Clem Swigger,"Ardrass, Mayo","Aghnamallagh, Monaghan",cswigger5f@hao123.com,684 947 4961
Consalve Pietrzyk,"Ardrass Lower, Kildare","Aghnamard, Monaghan",cpietrzyk5g@sciencedaily.com,905 903 4949
Kylynn Markwick,"Ardrass Upper, Kildare","Aghnameadle, Tipperary",kmarkwick5h@marketwatch.com,399 230 9839
Jordain Webburn,"Ardraw, Kerry","Aghnameal, Monaghan",jwebburn5i@surveymonkey.com,815 993 2512
Malvina Saura,"Ardrea, Sligo","Aghnamona, Leitrim",msaura5j@angelfire.com,745 825 9046
Lonnard Dymoke,"Ardreagh, Kilkenny","Aghnamullen, Monaghan",ldymoke5k@addtoany.com,618 226 2792
Kelsey Brozek,"Ardree, Kildare","Aghnamullen, Monaghan",kbrozek5l@live.com,248 848 8694
Adrienne Haselup,"Ardree, Sligo","Aghnananagh, Offaly",ahaselup5m@amazon.com,933 911 3357
Moshe Peagrim,"Ardrew, Kildare","Aghnaneane, Meath",mpeagrim5n@gmpg.org,139 726 0443
Marve Denk,"Ardrinane, Kerry","Aghnasedagh, Monaghan",mdenk5o@cargocollective.com,703 482 2011
Fabio Clacson,"Ardristan, Carlow","Aghnashalvy, Monaghan",fclacson5p@omniture.com,969 553 6533
Nell Stare,"Ardroe, Kerry","Aghnashannagh, Longford",nstare5q@w3.org,517 337 2157
Elbertine Shipperbottom,"Ardroe, Limerick","Aghnashingan, Longford",eshipperbottom5r@fema.gov,518 888 7091
Jay Ludee,"Ardroe, Mayo","Aghnasillagh, Longford",jludee5s@issuu.com,103 373 2459
Leanor Othen,"Ardros, Galway","Aghnaskea, Longford",lothen5t@123-reg.co.uk,739 362 8970
Jeanelle Josephs,"Ardross, Wexford","Aghnaskea, Monaghan",jjosephs5u@cisco.com,564 544 5534
Vivian Cayton,"Ardrum, Cork","Aghnaskeagh, Cavan",vcayton5v@stanford.edu,842 922 4956
Vladimir Dayer,"Ardrum, Leitrim","Aghnaskeagh, Louth",vdayer5w@a8.net,161 229 4257
Bessie Giorio,"Ardrumkilla, Galway","Aghnaskerry, Cavan",bgiorio5x@mapquest.com,478 929 9355
Adler Antoniewicz,"Ardrumman, Donegal","Aghnaskew, Monaghan",aantoniewicz5y@foxnews.com,677 989 9918
Gregoire Scotchford,"Ardrums Great, Meath","Aghnaskew, Monaghan",gscotchford5z@goodreads.com,419 224 9959
Parry Gricewood,"Ardrums Little, Meath","Aghnasullivan, Westmeath",pgricewood60@aol.com,295 955 2916
Dee Rowdell,"Ardrush, Clare","Aghnasurn, Roscommon",drowdell61@google.nl,763 343 9883
Wheeler Ticehurst,"Ards, Donegal","Aghnavar, Monaghan",wticehurst62@disqus.com,236 684 1319
Ros Bouda,"Ards, Kerry","Aghnavealoge, Longford",rbouda63@youtu.be,388 912 6701
Peter Skamal,"Ards, Longford","Aghody, Offaly",pskamal64@photobucket.com,386 812 0058
Even Purrington,"Ardsallagh, Meath","Aghoney, Laois",epurrington65@livejournal.com,929 230 0155
Gena Borsi,"Ardsallagh, Roscommon","Aghoo, Leitrim",gborsi66@census.gov,417 810 1523
Raff Keyte,"Ardsallagh, Sligo","Aghoo, Mayo",rkeyte67@mit.edu,756 223 3620
Abbie Gelsthorpe,"Ardsallagh, Tipperary","Aghoo, Roscommon",agelsthorpe68@scribd.com,915 647 3266
Allan Boxe,"Ardsallagh, Waterford","Aghoo, Sligo",aboxe69@parallels.com,834 103 9285
Ava Volage,"Ardsallagh Beg, Roscommon","Aghoo East, Leitrim",avolage6a@slashdot.org,524 744 2532
Val Hearle,"Ardsallagh More, Roscommon","Aghoos, Mayo",vhearle6b@stanford.edu,869 967 5055
Burnard Frankcombe,"Ards Beg, Cork","Aghoo West, Leitrim",bfrankcombe6c@gravatar.com,461 480 6405
Xever Coolican,"Ards Beg, Donegal","Aghort, Kerry",xcoolican6d@yahoo.com,521 587 2300
Rowan Kennion,"Ards Big, Donegal","Aghoutereery, Cavan",rkennion6e@state.gov,557 254 1916
Kinna Abbatini,"Ardscradaun, Kilkenny","Aghowle Lower, Wicklow",kabbatini6f@telegraph.co.uk,607 578 5867
Jarrett Yurov,"Ardscull, Kildare","Aghowle Lower, Wicklow",jyurov6g@statcounter.com,599 259 5975
Noelani Frostdick,"Ardshanavooly, Kerry","Aghowle Upper, Wicklow",nfrostdick6h@surveymonkey.com,847 176 3671
Guilbert Elton,"Ardshanbally, Limerick","Aghowle Upper, Wicklow",gelton6i@jigsy.com,312 493 9940
Erica Ponten,"Ardsheelhane East, Kerry","Aghpaudeen, Kildare",eponten6j@freewebs.com,256 913 0476
Clarie Kuhlen,"Ardsheelhane West, Kerry","Aghraboy, Offaly",ckuhlen6k@sakura.ne.jp,887 936 1153
Muire Fritzer,"Ardskea Beg, Galway","Aghrafinigan, Roscommon",mfritzer6l@businessweek.com,280 614 7217
Lindsey Girke,"Ardskeagh, Clare","Aghragh, Donegal",lgirke6m@nps.gov,813 488 7571
Klara Pinar,"Ardskeagh, Cork","Aghrane, Galway",kpinar6n@economist.com,303 847 7638
Pru Aggs,"Ardskeagh, Cork","Aghsmear, Tipperary",paggs6o@si.edu,248 582 5702
Pennie Garrow,"Ardskea More, Galway","Aghtaboy, Mayo",pgarrow6p@technorati.com,685 439 4045
Salomone Swinn,"Ards Little, Donegal","Aghuldred, Westmeath",sswinn6q@odnoklassniki.ru,363 652 3248
Wynn Cattonnet,"Ards More, Cork","Aghullaghy, Cavan",wcattonnet6r@over-blog.com,445 202 6239
Zsazsa Elener,"Ards More, Donegal","Aghwater, Carlow",zelener6s@skyrock.com,195 788 6604
Jacqui Growy,"Ardsmore Mountain, Donegal","Aghyohil Beg, Cork",jgrowy6t@wikipedia.org,702 904 4315
Emalia Mulvany,"Ardsollus, Clare","Aghyohil More, Cork",emulvany6u@over-blog.com,907 338 1762
Gelya Meatyard,"Ardsoreen, Sligo","Aghyowla, Leitrim",gmeatyard6v@un.org,608 610 7401
Vivianne Milella,"Ardteegalvan, Kerry","Aghyrassy, Westmeath",vmilella6w@alibaba.com,965 656 3973
Eryn McIlriach,"Ardtermon, Sligo","Aglish, Clare",emcilriach6x@samsung.com,939 147 8436
Laurice Heaton,"Ardtomin, Limerick","Aglish, Cork",lheaton6y@sina.com.cn,366 218 4006
Herbert Occleshaw,"Ardtrasna, Sligo","Aglish, Kerry",hoccleshaw6z@amazon.com,378 298 2894
Carlos Heyward,"Ardtully, Kerry","Aglish, Kerry",cheyward70@shutterfly.com,115 597 3846
Chantalle Hellmore,"Ardtully Beg, Louth","Aglish, Tipperary",chellmore71@parallels.com,291 913 0154
Devland Larkin,"Ardtully More, Louth","Aglish, Waterford",dlarkin72@com.com,317 127 1245
Myrtia Godin,"Ardue, Cavan","Aglish, Waterford",mgodin73@squarespace.com,772 646 2860
Pasquale Kearney,"Ardultagh, Galway","Aglish North, Kilkenny",pkearney74@multiply.com,196 461 3690
Darnell Soppit,"Ardun, Donegal","Aglish South, Kilkenny",dsoppit75@alexa.com,455 243 5784
Amelina Skaid,"Arduns, Donegal","Agloragh, Mayo",askaid76@mediafire.com,969 751 3863
Dionysus Dumbellow,"Ardunsaghan, Leitrim","Agrimhill, Galway",ddumbellow77@dedecms.com,935 563 5691
Larry Lewing,"Ardura Beg, Cork","Ahabeg, Limerick",llewing78@eepurl.com,720 358 0221
Glynis Bohlens,"Ardura More, Cork","Ahaclare, Clare",gbohlens79@time.com,404 439 3232
Crystie Jeschner,"Arduslough, Cork","Ahacore, Limerick",cjeschner7a@nytimes.com,867 474 0296
Stanley Foch,"Ardvagh, Cavan","Ahadagh, Limerick",sfoch7b@baidu.com,280 936 4133
Karney Ruberti,"Ardvally, Donegal","Ahadallane, Cork",kruberti7c@goo.ne.jp,371 836 8751
Keith Brennenstuhl,"Ardvally, Mayo","Ahaga, Clare",kbrennenstuhl7d@usnews.com,471 662 1921
Danella Whitcombe,"Ardvarna, Galway","Ahagilla, Cork",dwhitcombe7e@bloglovin.com,731 236 0488
Koo Alekseicik,"Ardvarna, Limerick","Ahaglaslin, Cork",kalekseicik7f@ed.gov,270 760 2149
Dougie Sewley,"Ardvarney, Laois","Ahaglugger, Galway",dsewley7g@blog.com,266 508 2856
Amalee Pittem,"Ardvarney, Leitrim","Ahakeera, Cork",apittem7h@usgs.gov,966 936 9071
Emelita Whitticks,"Ardvarney, Mayo","Ahakista, Cork",ewhitticks7i@sun.com,956 191 9630
Salvatore Beaven,"Ardvarney, Mayo","Ahalahana, Kerry",sbeaven7j@admin.ch,939 683 3355
Ginelle Kilvington,"Ardvarney, Mayo","Ahalisky, Cork",gkilvington7k@artisteer.com,778 997 1187
Cathrin Payze,"Ardvarney, Sligo","Ahanagh, Longford",cpayze7l@ox.ac.uk,705 257 8343
Julius Chanter,"Ardvarnock Glebe, Donegal","Ahanaglogh, Waterford",jchanter7m@dagondesign.com,530 334 9011
Gwenni Gillam,"Ardvarny, Cavan","Ahanduff Beg, Galway",ggillam7n@npr.org,841 990 1158
Darrelle Gornal,"Ardvone, Limerick","Ahanduff More, Galway",dgornal7o@infoseek.co.jp,567 715 0318
Brew Ladyman,"Ard West, Galway","Ahane, Kerry",bladyman7p@amazon.co.uk,387 790 4018
Coralyn Moizer,"Ardydonagan, Kerry","Ahane, Kerry",cmoizer7q@feedburner.com,914 395 9181
Dniren White,"Ardyduffy, Westmeath","Ahane, Tipperary",dwhite7r@sfgate.com,683 410 2174
Corabelle Astin,"Ardyhoolihane, Cork","Ahane Beg, Cork",castin7s@clickbank.net,148 519 0755
Hannie McSwan,"Ardykeohane, Limerick","Ahaneboy, Kerry",hmcswan7t@arizona.edu,580 254 6550
Baudoin Charge,"Ardyoul, Limerick","Ahane Lower, Cork",bcharge7u@ebay.co.uk,570 151 5751
Rakel Mioni,"Ardywanig, Kerry","Ahane Upper, Cork",rmioni7v@dedecms.com,177 402 5862
Raoul Ellcock,"Arigna, Roscommon","Ahanroe, Mayo",rellcock7w@free.fr,595 592 9539
Erasmus Olivera,"Arignagh, Roscommon","Ahanure North, Kilkenny",eolivera7x@meetup.com,118 594 8830
Inger Downham,"Arkeen Beg, Galway","Ahanure South, Kilkenny",idownham7y@printfriendly.com,166 761 1448
Carolin Wingfield,"Arkeen More, Galway","Ahapouleen, Galway",cwingfield7z@vk.com,425 305 7980
Tadeo Abelson,"Arklow, Wexford","Ahare, Wexford",tabelson80@ca.gov,143 528 9541
Franky Dumsday,"Arklow, Wicklow","Aharinaghbeg, Clare",fdumsday81@behance.net,662 226 5523
Xenia Scoggin,"Arklow, Wicklow","Aharinaghmore, Clare",xscoggin82@w3.org,742 872 6429
Dorrie Simnel,"Arlands, Donegal","Aharney, Laois",dsimnel83@census.gov,631 987 0906
Lucais Finding,"Arlinstown, Cork","Aharney, Offaly",lfinding84@state.tx.us,687 499 9008
Sibbie Spridgeon,"Arlonstown, Meath","Ahascra, Kerry",sspridgeon85@reuters.com,359 118 0344
Bridget Enstone,"Arm, Roscommon","Ahascragh, Galway",benstone86@shinystat.com,871 742 3509
Fax Dwelley,"Armyhill, Offaly","Ahascragh East, Galway",fdwelley87@nsw.gov.au,750 654 5393
Sascha Parradice,"Arnaghan, Cavan","Ahascragh West, Galway",sparradice88@1und1.de,451 880 9328
Wendi Dacre,"Arnasbrack, Sligo","Ahasla, Clare",wdacre89@businesswire.com,790 590 2603
Jacinthe Jurges,"Arnestown, Wexford","Ahaun, Galway",jjurges8a@blogspot.com,332 900 3193
Dory Andrzej,"Arnestown, Wexford","Ahaun, Kerry",dandrzej8b@mapy.cz,437 216 2921
Preston Tustin,"Aroddy, Leitrim","Ahaun, Waterford",ptustin8c@state.gov,829 605 2728
Laetitia Guyver,"Arodstown, Meath","Ahaun, Waterford",lguyver8d@wikia.com,584 791 2872
Oliver Galsworthy,"Arpinstown, Wexford","Ahaunboy North, Waterford",ogalsworthy8e@slate.com,971 795 7450
Prinz Rymill,"Arraghan, Roscommon","Ahaunboy South, Waterford",prymill8f@dell.com,950 574 0363
Phylis Armour,"Arragh Beg, Tipperary","Ahaveheen, Limerick",parmour8g@dyndns.org,326 682 8109
Euell Pardoe,"Arragh More, Tipperary","Ahawilk, Limerick",epardoe8h@photobucket.com,920 832 8087
Alyss Shoorbrooke,"Arraglen, Kerry","Ahena, Mayo",ashoorbrooke8i@washingtonpost.com,732 450 4574
Rosabella Pindell,"Arragorteen, Wexford","Ahenny, Tipperary",rpindell8j@nhs.uk,414 956 4794
Mattheus Pease,"Arranagh, Limerick","Ahenny, Tipperary",mpease8k@de.vu,820 570 8255
Kiley Van Waadenburg,"Arrigal, Meath","Ahenny Little, Tipperary",kvan8l@privacy.gov.au,362 186 1078
Francois Dumblton,"Arroo, Leitrim","Aherla, Cork",fdumblton8m@sfgate.com,395 999 4069
Lukas Bollins,"Arrybreaga, Limerick","Aherla Beg, Cork",lbollins8n@upenn.edu,641 863 9307
Gael Tiffin,"Arryheernabin, Donegal","Aherla More, Cork",gtiffin8o@eventbrite.com,771 655 1946
Franklin Bradforth,"Artane, Dublin","Ahgloragh, Galway",fbradforth8p@ow.ly,338 949 2703
Irvine MacGall,"Arthurstown, Kildare","Ahidelake, Cork",imacgall8q@oaic.gov.au,424 697 8530
Cassy Binestead,"Arthurstown, Louth","Ahil Beg, Cork",cbinestead8r@privacy.gov.au,714 172 1880
Alexina Menchenton,"Arthurstown, Wexford","Ahildotia, Cork",amenchenton8s@fastcompany.com,352 961 2749
Cher Fardell,"Arthurstown Little, Louth","Ahil More, Cork",cfardell8t@lulu.com,419 923 3990
Robert Darrow,"Artidowney, Cavan","Ahimma, Kerry",rdarrow8u@paginegialle.it,670 890 4612
Anabal Prevett,"Artikellys, Donegal","Ahnagurra, Limerick",aprevett8v@free.fr,602 226 9548
Liv Meeke,"Artiteige, Cork","Aighan, Donegal",lmeeke8w@npr.org,978 687 4505
Duky Isakov,"Artnalevery, Louth","Aighe, Donegal",disakov8x@facebook.com,474 231 3671
Malinda Jeune,"Artonagh, Cavan","Aillbrack, Clare",mjeune8y@intel.com,443 937 7677
Rahel Godmer,"Artonagh, Cavan","Ailldavore, Clare",rgodmer8z@uiuc.edu,734 550 7830
Berkie Grugerr,"Artoney, Louth","Aille, Galway",bgrugerr90@sitemeter.com,543 353 0805
Letty Gallant,"Artramon, Wexford","Aille, Galway",lgallant91@t.co,613 273 8307
Belia Pavitt,"Arundelmills, Cork","Aille, Galway",bpavitt92@usatoday.com,468 421 8487
Audrye Deveraux,"Arvagh, Cavan","Aille, Mayo",adeveraux93@statcounter.com,261 779 8821
Meade Oldis,"Arywee, Limerick","Aillebaun, Mayo",moldis94@cisco.com,737 179 5635
Manda Margery,"Ash Big, Louth","Aillebrack, Galway",mmargery95@newyorker.com,999 755 0276
Meredithe Howle,"Ashbourne, Meath","Aillemore, Clare",mhowle96@networksolutions.com,143 731 4442
Elladine Dunbleton,"Ashbrook, Galway","Aillemore, Mayo",edunbleton97@wikipedia.org,764 328 9789
Gert Bather,"Ashbrook, Laois","Aillenacally, Galway",gbather98@ask.com,372 212 8018
Allan Mathey,"Ashbrook, Mayo","Aillenaveagh, Galway",amathey99@webeden.co.uk,372 512 4401
Cindra Braundt,"Ashbrook, Roscommon","Aillroe Beg, Clare",cbraundt9a@technorati.com,654 869 8145
Bethena Rykert,"Ashbury, Tipperary","Aillroe More, Clare",brykert9b@oracle.com,978 903 3241
Nappy Threadgould,"Ashfield, Dublin","Aillvaun, Clare",nthreadgould9c@live.com,689 808 2292
Raychel Berge,"Ashfield, Galway","Aillwee, Clare",rberge9d@pbs.org,335 295 1832
Janeva Kuhne,"Ashfield, Galway","Airgloony, Galway",jkuhne9e@opera.com,382 537 7173
Gisela Dressel,"Ashfield, Laois","Akip, Laois",gdressel9f@diigo.com,434 983 3241
Fay Manjin,"Ashfield, Meath","Alasty, Kildare",fmanjin9g@storify.com,413 798 0808
Christan McPhillips,"Ashfield, Offaly","Alderborough, Offaly",cmcphillips9h@arizona.edu,793 939 7658
Garrick McCartney,"Ashfield Demesne, Galway","Alderford, Roscommon",gmccartney9i@intel.com,276 780 5792
Ephraim Vardey,"Ashford, Galway","Aldridge, Wexford",evardey9j@wsj.com,627 944 1489
Ramsey Soot,"Ashford, Galway","Aldworth, Cork",rsoot9k@statcounter.com,166 391 4905
Alleyn Godspede,"Ashford, Limerick","Alexander Reid, Meath",agodspede9l@skype.com,974 284 7433
Bertie Batcheldor,"Ashford, Wicklow","Alkill, Monaghan",bbatcheldor9m@umn.edu,150 940 9503
Evanne Sallarie,"Ashford, Wicklow","Alla, Donegal",esallarie9n@shinystat.com,623 578 7556
Vere Plenderleith,"Ashfort, Limerick","Allagesh, Monaghan",vplenderleith9o@msu.edu,129 471 7525
Heidi Kidsley,"Ashglen, Kilkenny","Allaghee Beg, Kerry",hkidsley9p@studiopress.com,114 725 7492
Tara Cantillion,"Ashgrove, Cavan","Allaghee More, Kerry",tcantillion9q@harvard.edu,845 172 7929
Tybi Bohden,"Ashgrove, Cork","Allagh Island, Donegal",tbohden9r@amazon.de,195 472 5314
Geordie Beine,"Ashgrove, Cork","Allagour, Dublin",gbeine9s@edublogs.org,980 592 6925
Meyer Carloni,"Ashgrove, Cork","Allaphreaghaun, Galway",mcarloni9t@sphinn.com,371 706 3051
Darda Streetfield,"Ashgrove, Kildare","Allardstown, Louth",dstreetfield9u@blog.com,197 967 4844
Rozella Morson,"Ashgrove, Limerick","Allcollege, Meath",rmorson9v@geocities.com,655 244 9842
Elwin Berkowitz,"Ashgrove, Tipperary","Alleen, Tipperary",eberkowitz9w@forbes.com,912 950 4163
Yardley Rysom,"Ashhill, Tipperary","Alleendarra East, Galway",yrysom9x@prlog.org,809 224 3994
Kania Rattery,"Ash Hill, Limerick","Alleendarra West, Galway",krattery9y@xrea.com,307 400 0084
Magdalen Wych,"Ash-Hill, Kerry","Allenagh, Longford",mwych9z@elegantthemes.com,643 668 8275
Mic Bowhay,"Ashleypark, Tipperary","Allengort, Tipperary",mbowhaya0@theglobeandmail.com,335 461 3727
Hollis Fettes,"Ash Little, Louth","Allenstown Big, Wexford",hfettesa1@shareasale.com,169 124 9766
Berkeley Castri,"Ashpark, Meath","Allenstown Demesne, Meath",bcastria2@macromedia.com,503 298 3209
Eldin Paramor,"Ashpark, Roscommon","Allenstown Little, Wexford",eparamora3@tuttocitta.it,326 299 4542
Mose Evison,"Ashpark, Tipperary","Allenswood, Dublin",mevisona4@europa.eu,209 616 2622
Gunther Larham,"Ashroe, Limerick","Allenswood, Kildare",glarhama5@blogspot.com,507 239 4211
Cliff Rodenborch,"Ashtown, Dublin","Allenwood, Kildare",crodenborcha6@soundcloud.com,128 752 4550
Cleon Riach,"Ashtown, Dublin","Allenwood Middle, Kildare",criacha7@histats.com,917 238 5803
Lindsy de Werk,"Ashtown, Kilkenny","Allenwood North, Kildare",ldea8@e-recht24.de,212 358 9153
Madison Abbitt,"Ashtown, Waterford","Allenwood South, Kildare",mabbitta9@spiegel.de,534 648 0588
Bordie Arnison,"Ashtown, Wicklow","Alliganstown, Kildare",barnisonaa@nifty.com,874 723 5716
Adina Tague,"Ashtown, Wicklow","Allihies, Cork",atagueab@fema.gov,943 346 0878
Rebe Provost,"Ashwell's-Lot, Tipperary","Allihies, Cork",rprovostac@ebay.com,544 479 4032
Otho McKeeman,"Ashwood Lower, Wexford","Alloonbaun, Galway",omckeemanad@tiny.cc,692 598 1395
Jennica Jaskowicz,"Ashwood Upper, Wexford","Alloon Lower, Galway",jjaskowiczae@tinyurl.com,886 940 2729
Jo Dunsmore,"Ask, Wexford","Alloon Upper, Galway",jdunsmoreaf@archive.org,488 619 0459
Milicent Tilzey,"Askabeg, Wexford","Allygola, Galway",mtilzeyag@dot.gov,348 834 2446
Carley Ludron,"Aska Beg, Wexford","Allykeolaun, Galway",cludronah@canalblog.com,677 128 8120
Megan Axston,"Askaheige, Wexford","Almondstown, Louth",maxstonai@themeforest.net,705 458 3585
Barbey Buxsey,"Askakeagh, Wicklow","Alohart, Kerry",bbuxseyaj@chronoengine.com,942 325 7370
Kellby Ingerman,"Askakeel, Wexford","Alsmeed, Monaghan",kingermanak@1688.com,184 679 2842
Wendeline Wontner,"Askamore, Wexford","Alt, Mayo",wwontneral@aol.com,820 667 5523
Charmaine Stepney,"Aska More, Wexford","Altachullion Lower, Cavan",cstepneyam@goo.gl,162 125 4397
Tani Humerstone,"Askanagap, Wicklow","Altachullion Upper, Cavan",thumerstonean@stanford.edu,512 752 2226
Heindrick Mattioni,"Askanagap, Wicklow","Altadoo, Donegal",hmattioniao@cnbc.com,583 417 5922
Adey Spilsted,"Askasilla, Wexford","Altadush, Donegal",aspilstedap@slashdot.org,430 999 6218
Alene Currie,"Aske, Dublin","Altaghaderry, Donegal",acurrieaq@hugedomains.com,532 135 3231
Effie Jannaway,"Askeaton, Limerick","Altagowlan, Roscommon",ejannawayar@epa.gov,525 802 8501
Archer Ayton,"Askeaton, Limerick","Altahalla, Donegal",aaytonas@amazonaws.com,105 836 7192
Marja Judkins,"Askill, Leitrim","Altakeeran, Leitrim",mjudkinsat@vkontakte.ru,414 537 4421
Brew Overton,"Askillaun, Mayo","Altamira, Cork",bovertonau@github.io,972 387 5301
Freddie Mayze,"Askillaun, Mayo","Altamont, Carlow",fmayzeav@dot.gov,882 518 2737
Beverlie Hoovart,"Askinamoe, Wexford","Altan, Donegal",bhoovartaw@squidoo.com,821 612 9154
Kerry Mattiello,"Askinch Lower, Wexford","Altanelvick, Sligo",kmattielloax@exblog.jp,299 828 6379
Madelon Stranks,"Askinch Upper, Wexford","Altans, Sligo",mstranksay@mac.com,539 923 8138
Clo Yeates,"Askinfarney, Wexford","Altar, Cork",cyeatesaz@free.fr,147 429 3166
Humberto MacDunleavy,"Askingarran Lower, Wexford","Altartate Glebe, Monaghan",hmacdunleavyb0@4shared.com,296 564 7338
Boy Blasoni,"Askingarran Upper, Wexford","Altashane, Donegal",bblasonib1@huffingtonpost.com,579 350 3307
Arman Insole,"Askintinny, Wicklow","Altaskin, Donegal",ainsoleb2@ibm.com,776 796 1786
Yasmeen Manna,"Askinvillar Lower, Wexford","Altateskin, Cavan",ymannab3@pinterest.com,312 787 8697
Merle Burtwell,"Askinvillar Upper, Wexford","Altatraght, Donegal",mburtwellb4@fda.gov,546 714 6570
Ollie Gwinnett,"Askunshin, Wexford","Altavilla, Laois",ogwinnettb5@va.gov,839 354 9993
Corine Phateplace,"Asnagh, Longford","Altavilla, Limerick",cphateplaceb6@prlog.org,474 515 9647
Godart Dincey,"Assagart, Wexford","Altavra, Leitrim",gdinceyb7@hostgator.com,546 534 2255
Felicio Tanslie,"Assaly Great, Wexford","Altbaun, Mayo",ftanslieb8@ask.com,699 874 8918
Betteann Stracey,"Assaly Little, Wexford","Altbeagh, Cavan",bstraceyb9@wired.com,206 237 9611
Lemmy Havard,"Assan, Cavan","Altbrean, Cavan",lhavardba@vkontakte.ru,439 875 4891
Daron Attride,"Assaun, Roscommon","Altclogh, Donegal",dattridebb@tamu.edu,354 484 6886
Ernaline Trytsman,"Assey, Meath","Altcor, Donegal",etrytsmanbc@adobe.com,360 808 6663
Claus Chantillon,"Assolas, Cork","Altcrock, Cavan",cchantillonbd@tuttocitta.it,503 961 0204
Dorice Robey,"Astagob, Dublin","Altderg, Mayo",drobeybe@yale.edu,232 363 2428
Baudoin Urvoy,"Astee, Kerry","Alteen, Cavan",burvoybf@ycombinator.com,611 126 8058
Kathye Barby,"Astee East, Kerry","Alteen, Leitrim",kbarbybg@wix.com,925 465 8068
Chrissy Grishankov,"Astee West, Kerry","Alteenacres Glebe, Leitrim",cgrishankovbh@de.vu,448 855 9463
Celestina Gymlett,"Astrish Beg, Monaghan","Alternan Park, Sligo",cgymlettbi@mit.edu,112 435 5534
Mathian Greenrod,"Astrish More, Monaghan","Altidore Demesne, Wicklow",mgreenrodbj@livejournal.com,574 485 9646
Kaine Slessar,"Atateemore, Kilkenny","Altilow, Donegal",kslessarbk@wufoo.com,858 916 7055
Regan Drydale,"Athasselabbey North, Tipperary","Altinierin, Donegal",rdrydalebl@clickbank.net,910 767 7027
Wallas Sumsion,"Athasselabbey South, Tipperary","Altinure, Cavan",wsumsionbm@freewebs.com,323 643 1596
Ailee Gleder,"Athboy, Meath","Altiquin, Leitrim",aglederbn@tripod.com,460 503 0376
Normy Schole,"Athcarne, Meath","Altlahan, Donegal",nscholebo@go.com,986 160 2472
Tiebold Bonass,"Athclare, Louth","Alt Lower, Donegal",tbonassbp@usda.gov,839 286 2941
Kenton Bearne,"Athdown, Wicklow","Altmush, Meath",kbearnebq@bbc.co.uk,611 531 5320
Niels Le Fevre,"Athea, Limerick","Altnabrocky, Mayo",nlebr@psu.edu,420 267 8550
Brooks Chittem,"Athea Lower, Limerick","Altnadarragh, Cavan",bchittembs@reference.com,775 265 4743
Gabie Gliddon,"Athea Upper, Limerick","Altnagapple, Donegal",ggliddonbt@acquirethisname.com,306 904 1202
Guglielma McGaffey,"Athenboy, Westmeath","Altnapaste, Donegal",gmcgaffeybu@bravesites.com,214 217 9173
Iosep Brandone,"Athenry, Galway","Altnapaste, Donegal",ibrandonebv@quantcast.com,614 137 2036
Drona Doberer,"Athenry, Galway","Altnasheen, Cavan",ddobererbw@usatoday.com,764 212 4097
Marje Rawood,"Athgaine Great, Meath","Altoghil, Roscommon",mrawoodbx@google.com.au,360 517 7880
Northrop Mosley,"Athgaine Little, Meath","Altore, Roscommon",nmosleyby@cbsnews.com,833 612 0409
Bernita Yesenev,"Athgarrett, Kildare","Alts, Monaghan",byesenevbz@unblog.fr,460 508 2832
Deck Lemon,"Athgarvan, Kildare","Altshallan, Cavan",dlemonc0@storify.com,781 666 1041
Duffie Pomery,"Athgarvan, Wicklow","Alt Upper, Donegal",dpomeryc1@ebay.co.uk,307 729 8638
Leshia Lethardy,"Athgoe, Dublin","Altvelid, Sligo",llethardyc2@newsvine.com,832 149 4645
Herculie Nisen,"Athgoe North, Dublin","Alva, Clare",hnisenc3@walmart.com,506 427 3952
Doralia Simoni,"Athgoe South, Dublin","Amberhill, Waterford",dsimonic4@github.io,765 339 5743
Hyman Bastick,"Athgreany, Wicklow","Ambrosetown, Wexford",hbastickc5@netscape.com,718 318 2132
Randee Aguirre,"Athlacca, Limerick","America, Roscommon",raguirrec6@cnn.com,514 267 4948
Upton Ricards,"Athlacca North, Limerick","Amogan Beg, Limerick",uricardsc7@addthis.com,972 955 4221
Saunderson Glasser,"Athlacca South, Limerick","Amogan More, Limerick",sglasserc8@answers.com,404 119 3183
Karlotta Cristofano,"Athleague, Roscommon","Amorset, Leitrim",kcristofanoc9@globo.com,368 357 8909
Brooks Oxley,"Athleague, Roscommon","Anablaha, Kerry",boxleyca@auda.org.au,169 212 9156
Larine Shillinglaw,"Athlone, Westmeath","Anaglog, Louth",lshillinglawcb@theatlantic.com,955 221 1822
Lennie Giabuzzi,"Athlone, Westmeath","Anaharlick, Cork",lgiabuzzicc@webs.com,370 510 6053
Ade Karpol,"Athlone And Bigmeadow, Westmeath","Anascaul, Kerry",akarpolcd@sitemeter.com,705 998 7020
Kelley Kolakowski,"Athlummon, Tipperary","Anatrim, Laois",kkolakowskice@bloomberg.com,607 983 3087
Gisele McReath,"Athlumney, Meath","Anaverna, Louth",gmcreathcf@goodreads.com,609 980 1534
Raff Beinisch,"Athlunkard, Clare","Anbally, Galway",rbeinischcg@simplemachines.org,536 321 0226
Georg Challice,"Athnid Beg, Tipperary","Andresna, Sligo",gchallicech@rediff.com,516 683 5883
Deonne Malarkey,"Athnid More, Tipperary","Anglesborough, Limerick",dmalarkeyci@census.gov,554 797 7643
Marcello Ketchell,"Athroe, Roscommon","Anglesborough, Limerick",mketchellcj@netscape.com,137 140 2189
Pace Dowdell,"Athronan, Meath","Angliham, Galway",pdowdellck@sakura.ne.jp,335 233 4939
Abbie Tanby,"Athry, Galway","Anglode, Limerick",atanbycl@123-reg.co.uk,684 803 0244
Cam Brambley,"Athy, Kildare","Anglont, Kerry",cbrambleycm@friendfeed.com,137 557 1142
Shellysheldon Coundley,"Athy, Kildare","Anglore, Kerry",scoundleycn@woothemes.com,608 159 3022
Farleigh Juggings,"Atshanboe, Tipperary","Angram, Cork",fjuggingsco@simplemachines.org,551 166 6475
Catlaina Sealeaf,"Attanagh, Laois","Anhid East, Limerick",csealeafcp@biblegateway.com,169 911 1939
Lissa Soots,"Attatantee, Donegal","Anhid West, Limerick",lsootscq@sohu.com,359 282 1304
Ethyl Coulman,"Attateenoe Lower, Kilkenny","Ankail, Kerry",ecoulmancr@kickstarter.com,284 201 3510
Thayne Gummory,"Attateenoe Upper, Kilkenny","Ankers Bower, Westmeath",tgummorycs@jalbum.net,924 541 2575
Fae Elis,"Attavally, Mayo","Anna Beg, Kerry",felisct@latimes.com,789 746 3833
Connie McGilben,"Attavally, Mayo","Annabella, Cork",cmcgilbencu@guardian.co.uk,349 753 2970
Wolfy Bedle,"Atteagh, Roscommon","Annacarney, Wicklow",wbedlecv@angelfire.com,609 747 0517
Wilbur Woollacott,"Attiaghygrana, Roscommon","Annacarriga, Cork",wwoollacottcw@cnbc.com,371 383 8764
Virge Banfill,"Attiantaggart, Roscommon","Annacarty, Tipperary",vbanfillcx@instagram.com,724 506 6353
Jillian Tanti,"Attiappleton, Mayo","Annacatty, Monaghan",jtanticy@sina.com.cn,212 454 2303
Chen Dymick,"Attiballa, Roscommon","Annacloghan, Roscommon",cdymickcz@parallels.com,758 435 3657
Aleece Ainger,"Attiblaney, Offaly","Annacotty, Limerick",aaingerd0@pbs.org,555 230 0753
Zaneta Hanhard,"Attibrassil, Galway","Annacramph, Monaghan",zhanhardd1@ebay.com,736 816 2630
Pryce Kasperski,"Atticahill, Mayo","Annacrivey, Wicklow",pkasperskid2@china.com.cn,560 595 2895
Baxie Lifsey,"Attichree, Sligo","Annacroff, Monaghan",blifseyd3@goodreads.com,778 607 9028
Roxy Rosellini,"Atticlogh, Galway","Annadale, Kerry",rrosellinid4@narod.ru,577 561 3148
Lindsay Ram,"Atticloghy, Mayo","Annadrumman, Monaghan",lramd5@netlog.com,676 568 8969
Harriett Wiersma,"Atticoffey East, Galway","Annaduff, Leitrim",hwiersmad6@symantec.com,661 114 9564
Aurelia Riccardelli,"Atticoffey West, Galway","Annaduff Glebe, Leitrim",ariccardellid7@goo.gl,321 163 4143
Adolphus Bohje,"Atticonaun, Mayo","Annafarney, Cavan",abohjed8@fotki.com,750 170 4118
Edyth Cumine,"Atticonor, Westmeath","Annagally, Monaghan",ecumined9@wp.com,761 298 7817
Barton Wordington,"Atticorra, Galway","Annagannihy, Cork",bwordingtonda@thetimes.co.uk,473 686 6183
Iseabal Kitchener,"Atticorra, Roscommon","Annagap, Kerry",ikitchenerdb@mtv.com,473 628 5050
Baillie Yurasov,"Attidavock, Galway","Annagar, Carlow",byurasovdc@live.com,939 606 0584
Sabrina Bonder,"Attidermot, Galway","Annagary, Donegal",sbonderdd@upenn.edu,761 436 9800
Lavinie O'Hallagan,"Attiduff, Monaghan","Annagary, Donegal",lohallagande@latimes.com,526 610 1039
Raffaello Iacavone,"Attiduff, Monaghan","Annagassan, Louth",riacavonedf@wikia.com,228 145 4900
Donal Jocic,"Attiduff, Sligo","Annagelliff, Cavan",djocicdg@businessinsider.com,136 672 9526
Sutton Snufflebottom,"Attifarry, Galway","Annagerril, Monaghan",ssnufflebottomdh@slate.com,896 923 7600
Monique Duncanson,"Attifineen, Galway","Annagh, Cavan",mduncansondi@intel.com,453 912 6242
Base Rosenshine,"Attifinlay, Leitrim","Annagh, Cavan",brosenshinedj@ycombinator.com,602 129 2050
Bancroft Schafer,"Attiflynn, Galway","Annagh, Cavan",bschaferdk@symantec.com,496 771 5491
Denna Yashin,"Attigara, Galway","Annagh, Cavan",dyashindl@over-blog.com,548 265 3245
Katerine Jacop,"Attigoddaun, Galway","Annagh, Clare",kjacopdm@i2i.jp,618 936 2459
Carina Fury,"Attikee, Galway","Annagh, Clare",cfurydn@freewebs.com,425 459 9118
Bee Siddeley,"Attiknockan, Roscommon","Annagh, Donegal",bsiddeleydo@japanpost.jp,132 595 6508
Rochester Romke,"Attimachugh, Mayo","Annagh, Galway",rromkedp@timesonline.co.uk,330 708 1251
Pen Hillock,"Attimachugh, Mayo","Annagh, Galway",phillockdq@hc360.com,537 326 6066
Mignonne Coonihan,"Attimanus, Leitrim","Annagh, Galway",mcoonihandr@nasa.gov,337 807 4644
Hamilton Fyfield,"Attimany, Galway","Annagh, Kerry",hfyfieldds@ibm.com,640 766 8462
Eduard Duester,"Attimonbeg, Galway","Annagh, Kerry",eduesterdt@issuu.com,176 237 8799
Krystalle Hruska,"Attimonmore North, Galway","Annagh, Laois",khruskadu@state.gov,806 788 2220
Nicolea Faithorn,"Attimonmore South, Galway","Annagh, Leitrim",nfaithorndv@imdb.com,768 592 2555
Brian Macrae,"Attimurtagh, Westmeath","Annagh, Leitrim",bmacraedw@gizmodo.com,564 630 6990
Nichols Golding,"Attinadague, Donegal","Annagh, Leitrim",ngoldingdx@springer.com,205 339 0082
Gianna Domsalla,"Attinaskollia, Mayo","Annagh, Limerick",gdomsallady@51.la,155 522 5433
Dorthea Pheasey,"Attinkee, Offaly","Annagh, Limerick",dpheaseydz@shareasale.com,342 525 1149
Gamaliel Brusby,"Attiquin, Cork","Annagh, Longford",gbrusbye0@parallels.com,631 119 1587
Brent Allnatt,"Attireesh, Mayo","Annagh, Longford",ballnatte1@networksolutions.com,926 809 6068
Ralf Bourdis,"Attiregan, Galway","Annagh, Louth",rbourdise2@digg.com,214 952 8177
Judd Beves,"Attirory, Leitrim","Annagh, Louth",jbevese3@moonfruit.com,407 385 7896
Lula Collishaw,"Attirory, Roscommon","Annagh, Mayo",lcollishawe4@live.com,314 690 7046
Aluino Mattaser,"Attirowerty, Galway","Annagh, Mayo",amattasere5@blogspot.com,460 258 5024
Hedda Curryer,"Attishane, Mayo","Annagh, Mayo",hcurryere6@fastcompany.com,314 867 0658
Natale Macallam,"Attishane, Roscommon","Annagh, Mayo",nmacallame7@disqus.com,743 380 5118
Meredithe Tod,"Attiville, Sligo","Annagh, Meath",mtode8@addtoany.com,580 456 1607
Yul Heimann,"Attybrick, Tipperary","Annagh, Meath",yheimanne9@google.co.jp,706 635 4364
Peyton Whalley,"Attycristora, Clare","Annagh, Monaghan",pwhalleyea@bizjournals.com,822 463 7292
Shepperd Sinderland,"Attyflin, Limerick","Annagh, Monaghan",ssinderlandeb@reference.com,236 934 5211
Shelton Crosser,"Attyjames, Tipperary","Annagh, Roscommon",scrosserec@a8.net,444 626 3620
Oswald Gobolos,"Attykit, Tipperary","Annagh, Roscommon",ogobolosed@theglobeandmail.com,155 422 9306
Rozina Daunay,"Attymass, Mayo","Annagh, Roscommon",rdaunayee@ed.gov,860 329 9042
Shawn Longmate,"Attymon, Galway","Annagh, Sligo",slongmateef@artisteer.com,113 275 7807
Charles Zarfai,"Attyshonock, Galway","Annagh, Sligo",czarfaieg@webs.com,338 516 9179
Charisse Bevar,"Attyslany North, Clare","Annagh, Sligo",cbevareh@disqus.com,317 205 2041
Kitty Cunah,"Attyslany South, Clare","Annagh, Sligo",kcunahei@acquirethisname.com,458 429 7506
Jock Hilbourne,"Attyterrila, Clare","Annagh, Tipperary",jhilbourneej@shareasale.com,639 104 5466
Marcellus Dovington,"Auburn, Dublin","Annagh, Tipperary",mdovingtonek@creativecommons.org,766 970 4549
El Bremen,"Auburn, Westmeath","Annagh, Westmeath",ebremenel@weebly.com,365 793 8267
Karim Brantl,"Aubwee, Galway","Annagh, Wexford",kbrantlem@sciencedaily.com,542 975 2692
Tarrance Ashlin,"Aucloggeen, Galway","Annaghaderg, Leitrim",tashlinen@abc.net.au,243 946 2235
Lewes Mulmuray,"Augeris, Cork","Annaghanerrig, Tipperary",lmulmurayeo@baidu.com,810 320 4170
Gualterio Templman,"Aughabrack, Cork","Annaghanmoney, Louth",gtemplmanep@spiegel.de,689 422 6625
Ryley Hookes,"Aughacasla North, Kerry","Annaghard, Cavan",rhookeseq@nsw.gov.au,150 200 5592
Emmerich Cherry,"Aughacasla South, Kerry","Annagharnet, Cavan",echerryer@nsw.gov.au,952 244 0262
Julee Kruse,"Aughagarna, Clare","Annagharvey, Offaly",jkrusees@japanpost.jp,424 667 1608
Any Lowrie,"Aughagault, Donegal","Annaghaskin, Dublin",alowrieet@networkadvertising.org,973 115 0449
Norina Buchan,"Aughagault Big, Donegal","Annaghasna, Leitrim",nbuchaneu@rakuten.co.jp,137 660 1761
Packston Esmond,"Aughaleigue Beg, Cork","Annaghbeg, Galway",pesmondev@theglobeandmail.com,436 474 3276
Caressa Heintze,"Aughaleigue More, Cork","Annaghbeg, Galway",cheintzeew@pen.io,133 916 6358
Aldridge Hartright,"Aughalin, Limerick","Annaghbeg, Kerry",ahartrightex@geocities.com,304 569 9715
Dillon Fulbrook,"Aughall Beg, Tipperary","Annaghbeg, Longford",dfulbrookey@phoca.cz,776 794 9123
Coletta Culham,"Aughall Middle, Tipperary","Annaghbeg, Monaghan",cculhamez@last.fm,112 908 4074
Fair Johncey,"Aughall More, Tipperary","Annaghbeg, Roscommon",fjohnceyf0@theguardian.com,184 464 9542
Melisenda Gleader,"Aughane, Cork","Annaghbeg, Roscommon",mgleaderf1@usnews.com,875 660 0074
Berti Beames,"Aughanna, Kerry","Annaghbeg, Sligo",bbeamesf2@rambler.ru,808 306 1139
Ranna Thebeau,"Aughans, Laois","Annaghbeg, Tipperary",rthebeauf3@tmall.com,965 743 0517
Audrie Kerley,"Aughathlappa, Wexford","Annagh Beg, Cork",akerleyf4@cdc.gov,219 826 4180
Alec Setterthwait,"Aughatubbrid, Kilkenny","Annagh Beg, Kerry",asetterthwaitf5@e-recht24.de,385 227 9618
Elliott Meeke,"Aughavanlomaun, Tipperary","Annagh Beg, Mayo",emeekef6@google.co.uk,421 960 7572
Christie Gammage,"Aughavehir, Tipperary","Annagh Beg, Sligo",cgammagef7@google.com.au,613 960 6736
Ianthe Blakeden,"Aughavinna, Clare","Annagh Bogs, Cork",iblakedenf8@discuz.net,499 626 2958
Marlo Wellbeloved,"Aughboy, Clare","Annaghboy, Leitrim",mwellbelovedf9@g.co,783 701 8323
Tarra Soppit,"Aughclare, Wexford","Annaghbrack, Monaghan",tsoppitfa@nps.gov,162 500 5438
Helene Macquire,"Aughermon, Wexford","Annaghbrack Glebe, Offaly",hmacquirefb@istockphoto.com,405 467 0043
Ynes Bowller,"Aughernagalliagh, Mayo","Annaghbradican, Leitrim",ybowllerfc@japanpost.jp,847 195 7765
Isa Morston,"Augherskea, Meath","Annaghbride, Galway",imorstonfd@craigslist.org,944 626 7403
Marabel Joiris,"Aughfad, Wexford","Annaghcallow, Galway",mjoirisfe@hubpages.com,907 925 2169
Alvan Shewry,"Aughils, Kerry","Annaghcarthy, Sligo",ashewryff@purevolume.com,402 774 4252
Giffie Scotson,"Aughine, Longford","Annagh Central, Wexford",gscotsonfg@xing.com,820 624 9570
Arabella Ingleson,"Aughinida, Cork","Annaghcooleen, Longford",ainglesonfh@nasa.gov,676 459 1292
Samson Kummerlowe,"Aughinish, Clare","Annaghcor, Sligo",skummerlowefi@ft.com,472 742 4339
Sibyl Baggally,"Aughinish, Clare","Annaghcorrib, Galway",sbaggallyfj@bloglines.com,222 443 3865
Tabbatha Ladbrooke,"Aughinish, Clare","Annaghdaniel, Longford",tladbrookefk@networksolutions.com,703 837 1538
Otho Jirick,"Aughinish East, Limerick","Annaghderg Lower, Leitrim",ojirickfl@nps.gov,733 502 3644
Eleanora Whiles,"Aughinish West, Limerick","Annaghderg Upper, Leitrim",ewhilesfm@shutterfly.com,678 353 3324
Therese Salatino,"Aughiska Beg, Clare","Annaghdown, Galway",tsalatinofn@biglobe.ne.jp,136 221 5043
Carter Ellings,"Aughiska More, Clare","Annaghdown, Galway",cellingsfo@facebook.com,460 462 2480
Talia Fennick,"Aughkeely, Donegal","Annaghduff, Cavan",tfennickfp@hatena.ne.jp,322 420 0865
Jonathon Websdale,"Aughkiletaun, Kilkenny","Annagheane, Monaghan",jwebsdalefq@princeton.edu,677 141 0060
Rurik Tankin,"Aughmore, Waterford","Annaghearly, Leitrim",rtankinfr@netvibes.com,294 535 6030
Granville Ratcliff,"Aughmore, Wexford","Annagh East, Galway",gratclifffs@timesonline.co.uk,913 426 2149
Leland Keddle,"Aughmore, Wexford","Annaghervy, Monaghan",lkeddleft@dion.ne.jp,489 973 4511
Alverta Curd,"Aughnacloy, Monaghan","Annaghfin, Wexford",acurdfu@noaa.gov,968 985 2499
Theo Trim,"Aughnacloy, Sligo","Annaghgap, Wexford",ttrimfv@cyberchimps.com,797 494 3850
Ichabod Bratty,"Aughnacrumpane, Tipperary","Annaghgerry, Leitrim",ibrattyfw@elpais.com,356 541 2843
Ellene Bernhardsson,"Aughnacurraveel, Waterford","Annaghgortagh, Westmeath",ebernhardssonfx@umn.edu,294 532 2313
Mata Wessing,"Aughnagalley, Wexford","Annaghgowan, Sligo",mwessingfy@utexas.edu,233 285 5728
Guthrey Geering,"Aughnagan, Wexford","Annaghhill, Wexford",ggeeringfz@mayoclinic.com,533 944 1145
Saba Feveryear,"Aughnagomaun, Tipperary","Annagh Hill, Galway",sfeveryearg0@latimes.com,762 598 4388
Martica Gillani,"Aughnaheela, Tipperary","Annagh Hill, Mayo",mgillanig1@themeforest.net,714 548 2399
Adolf Gowling,"Aughnalyra, Cork","Annaghierin, Cavan",agowlingg2@flavors.me,597 644 7961
Margret Klemps,"Aughnamaulmeen, Wexford","Annaghilymore, Kerry",mklempsg3@php.net,209 453 5547
Karry Ivashnyov,"Aughnanure, Galway","Annagh Island, Mayo",kivashnyovg4@woothemes.com,424 453 6712
Gloriane Di Maggio,"Aughness, Mayo","Annaghkeelaun, Galway",gdig5@timesonline.co.uk,273 621 5895
Walton Haddrill,"Aughnish, Donegal","Annaghkeen, Galway",whaddrillg6@guardian.co.uk,196 115 7956
Langsdon Radley,"Aughnish Isle, Donegal","Annaghkeenty, Leitrim",lradleyg7@cbslocal.com,306 208 1622
Chryste Mannagh,"Aughrim, Cavan","Annaghkilly, Monaghan",cmannaghg8@icq.com,568 204 3916
Amalie Sheilds,"Aughrim, Clare","Annaghlee, Cavan",asheildsg9@com.com,550 280 5296
Odetta Poate,"Aughrim, Clare","Annagh Long, Wexford",opoatega@ehow.com,970 591 6765
Rhys Orchard,"Aughrim, Clare","Annagh Lower, Leitrim",rorchardgb@miitbeian.gov.cn,937 411 6070
Valentin Sange,"Aughrim, Cork","Annagh Lower, Wexford",vsangegc@icio.us,518 616 1294
Mace Galfour,"Aughrim, Galway","Annaghloy, Sligo",mgalfourgd@taobao.com,115 379 8302
Brett Growcott,"Aughrim, Kerry","Annaghmaconway, Leitrim",bgrowcottge@google.com,884 503 0414
Babette Edridge,"Aughrim, Kildare","Annaghmacullen, Leitrim",bedridgegf@hp.com,709 759 3274
Ajay MacCahey,"Aughrim, Leitrim","Annaghmaghera, Roscommon",amaccaheygg@purevolume.com,491 633 8782
Reagan Burditt,"Aughrim, Roscommon","Annaghmagurthan, Roscommon",rburdittgh@dion.ne.jp,651 464 9757
Annnora Dowse,"Aughrim, Wicklow","Annaghmartin, Monaghan",adowsegi@tuttocitta.it,324 442 0337
Ruth Angeau,"Aughriman, Leitrim","Annagh Middle, Wexford",rangeaugj@mediafire.com,263 530 8795
Donaugh Ramalho,"Aughriman South, Leitrim","Annaghminnan, Louth",dramalhogk@smugmug.com,311 573 1721
Sergent Isaaksohn,"Aughrim Beg, Monaghan","Annaghmona, Roscommon",sisaaksohngl@harvard.edu,416 713 6731
Tabina Batie,"Aughrim Lower, Wicklow","Annaghmore, Leitrim",tbatiegm@archive.org,220 139 4858
Jenilee Boncoeur,"Aughrim More, Monaghan","Annaghmore, Leitrim",jboncoeurgn@mozilla.org,264 808 8721
Alysia Flatte,"Aughrim Upper, Wicklow","Annaghmore, Longford",aflattego@nationalgeographic.com,707 542 4752
Bren Saltern,"Aughris, Sligo","Annaghmore, Offaly",bsalterngp@netscape.com,593 632 3195
Brandea Kittley,"Aughris, Sligo","Annaghmore, Offaly",bkittleygq@ucla.edu,127 804 8483
Armstrong Depka,"Aughrus Beg, Galway","Annaghmore, Roscommon",adepkagr@google.com.br,181 910 0004
Otis Flintoffe,"Aughrus More, Galway","Annaghmore, Sligo",oflintoffegs@xrea.com,608 519 8539
Edlin Ick,"Aughry, Leitrim","Annagh More, Cork",eickgt@timesonline.co.uk,399 364 7036
Meaghan Kirtley,"Aught, Donegal","Annagh More, Kerry",mkirtleygu@kickstarter.com,170 752 5274
Cris Dunkerly,"Aughtanny, Kilkenny","Annagh More, Mayo",cdunkerlygv@networksolutions.com,978 197 6071
Munroe O'Sheerin,"Aughtreagh, Cavan","Annagh More, Sligo",mosheeringw@pcworld.com,474 771 0372
Shannan Rosgen,"Aughullen, Wexford","Annagh More, Wexford",srosgengx@narod.ru,632 355 0751
Melloney Samson,"Aughvallydeag, Tipperary","Annaghmore And Annaghbeg, Offaly",msamsongy@blog.com,741 729 4903
Lorenza Haysham,"Aughvolyshane, Tipperary","Annaghmore East, Galway",lhayshamgz@yolasite.com,968 331 2865
Lindsey Santello,"Augullies, Donegal","Annaghmore West, Galway",lsantelloh0@uiuc.edu,228 154 4530
Jo Castell,"Aulanebane, Kerry","Annaghnamaddoo, Leitrim",jcastellh1@economist.com,629 244 4203
Burr Dicke,"Aulaneduff, Kerry","Annaghneal, Clare",bdickeh2@mapquest.com,814 533 6882
Foster Escolme,"Aultagh, Cork","Annagh North, Cork",fescolmeh3@cam.ac.uk,684 201 3475
Trevor Asplin,"Aultaghreagh, Cork","Annaghoash, Cavan",tasplinh4@joomla.org,308 138 1144
Ceciley Spratling,"Aunamihoonagh, Cork","Annaghoney, Leitrim",cspratlingh5@booking.com,505 578 7239
Sonja Fouldes,"Aungierstown And Ballybane, Dublin","Annaghraw, Monaghan",sfouldesh6@gnu.org,697 142 5057
Shaine McGillreich,"Aurora, Wicklow","Annaghs, Kilkenny",smcgillreichh7@umich.edu,110 374 8936
Sayers Cloutt,"Auskurra Big, Waterford","Annaghselherny, Leitrim",scloutth8@auda.org.au,797 487 4734
Nessa Spolton,"Auskurra Little, Waterford","Annagh South, Cork",nspoltonh9@uol.com.br,974 273 9895
Luisa Zoellner,"Avalbane, Monaghan","Annagh Upper, Leitrim",lzoellnerha@umich.edu,400 697 3556
Richmond MacLachlan,"Avalreagh, Monaghan","Annagh Upper, Wexford",rmaclachlanhb@prweb.com,216 347 7457
Cassandre Moggie,"Avaltygort, Donegal","Annaghvaan, Galway",cmoggiehc@jalbum.net,580 370 3592
Reade Danneil,"Avenue, Kerry","Annaghvacky, Louth",rdanneilhd@ft.com,827 382 1939
Etheline Chettoe,"Avery Island, Galway","Annagh West, Galway",echettoehe@unesco.org,403 418 4086
Friederike Stileman,"Avoca, Wicklow","Annaghwood, Galway",fstilemanhf@exblog.jp,406 706 3799
Nancee Samuels,"Avoley, Laois","Annaghybane, Monaghan",nsamuelshg@samsung.com,393 586 5756
Daffie Lade,"Avondale, Wicklow","Annaghyduff, Monaghan",dladehh@alexa.com,956 161 6690
Pavlov Crawforth,"Awnaskirtaun, Kerry","Annagleve, Monaghan",pcrawforthhi@tripadvisor.com,571 657 8405
Carlye Howels,"Ayle, Kerry","Annaglogh, Monaghan",chowelshj@yellowpages.com,716 968 5667
Corny Roots,"Ayle, Tipperary","Annagloor, Cork",crootshk@nps.gov,690 940 4678
Laney Blazewicz,"Ayleacotty, Clare","Annagola, Monaghan",lblazewiczhl@usa.gov,981 425 9642
Ilise Carvil,"Ayle Lower, Clare","Annagolan, Wicklow",icarvilhm@goo.ne.jp,188 781 9104
Alec Ditzel,"Ayle Upper, Clare","Annagor, Meath",aditzelhn@xrea.com,718 774 7779
Glori Franschini,"Aylmerstown, Kildare","Annagose, Monaghan",gfranschiniho@networksolutions.com,568 638 6399
Kaine Cowlas,"Aylwardstown, Kilkenny","Annahagh, Monaghan",kcowlashp@free.fr,408 211 1721
Roxi Braisby,"Ayresfields, Kilkenny","Annahagh North, Monaghan",rbraisbyhq@tinypic.com,213 425 7331
Frederigo Sealey,"Abartagh, Waterford","Annahagh South, Monaghan",fsealeyhr@delicious.com,619 920 9553
Micheline Troy,"Abberanville, Galway","Annahaia, Monaghan",mtroyhs@yellowpages.com,825 449 3206
Kendra Berthelet,"Abbernadoorny, Donegal","Annahaia, Monaghan",kbertheletht@tumblr.com,347 251 8425
Devlin Crichton,"Abbert, Galway","Annahaia, Monaghan",dcrichtonhu@boston.com,193 734 9931
Darbie Duerdin,"Abbert Demesne, Galway","Annahalabog, Cork",dduerdinhv@wordpress.com,319 812 9729
Mora Fairbourn,"Abbeville, Tipperary","Annahala East, Cork",mfairbournhw@unblog.fr,887 986 7748
Basia Steadman,"Abbey, Cork","Annahala West, Cork",bsteadmanhx@miibeian.gov.cn,147 779 6379
Corina Isaaksohn,"Abbey, Galway","Annahale, Monaghan",cisaaksohnhy@house.gov,493 904 3385
Vanna Stockford,"Abbey, Galway","Annahean, Monaghan",vstockfordhz@mysql.com,553 484 1797
Tymothy Liebermann,"Abbey, Galway","Annaholty, Tipperary",tliebermanni0@paypal.com,938 261 1305
Kermy Fonso,"Abbey, Galway","Annahuby, Monaghan",kfonsoi1@uol.com.br,506 474 7743
Kirstyn Gavriel,"Abbey, Limerick","Anna Island, Donegal",kgavrieli2@etsy.com,199 487 0095
Camile Degnen,"Abbeycartron, Longford","Annakisha, Cork",cdegneni3@nationalgeographic.com,563 780 0191
Indira Murt,"Abbeycartron, Roscommon","Annakisha North, Cork",imurti4@livejournal.com,810 301 8220
Ky Regelous,"Abbeyderg, Longford","Annakisha South, Cork",kregelousi5@deviantart.com,735 621 7921
Kylila Pollie,"Abbeydorney, Kerry","Annalecka, Mayo",kpolliei6@biblegateway.com,945 187 1339
Darsie Odo,"Abbeydown, Wexford","Annaleck Lower, Kilkenny",dodoi7@examiner.com,927 461 3459
Zacherie Thormwell,"Abbey East, Clare","Annaleck Upper, Kilkenny",zthormwelli8@washington.edu,665 311 5569
Addison Dosdill,"Abbeyfarm, Limerick","Annalecky, Wicklow",adosdilli9@goo.gl,722 918 7137
Bo Broke,"Abbeyfeale, Limerick","Annalittin, Monaghan",bbrokeia@mapquest.com,298 487 9432
Genna Clougher,"Abbeyfeale East, Limerick","Annalough, Kildare",gclougherib@jimdo.com,211 216 8706
Petey Andrez,"Abbeyfeale West, Limerick","Annaloughan, Louth",pandrezic@tinypic.com,394 848 1912
Matthias Briffett,"Abbeyfield, Galway","Annamacneill, Monaghan",mbriffettid@homestead.com,374 622 5130
Meryl Attenbrough,"Abbeygormacan, Galway","Annamakiff, Monaghan",mattenbroughie@naver.com,499 785 4302
Robinet Axten,"Abbeygrove, Kilkenny","Annamarran, Monaghan",raxtenif@vinaora.com,336 947 9859
Liliane Saintsbury,"Abbeyhalfquarter, Mayo","Annamoe, Offaly",lsaintsburyig@flavors.me,562 327 0184
Andonis Fitzackerley,"Abbey Island, Donegal","Annamoe, Wicklow",afitzackerleyih@prnewswire.com,225 635 7374
Hamid Baruch,"Abbey Island, Kerry","Anna More, Kerry",hbaruchii@jimdo.com,590 757 8622
Orion Kuschek,"Abbeyland, Cavan","Annamult, Kilkenny",okuschekij@squidoo.com,883 599 5750
Bartlet Pashler,"Abbeyland, Kildare","Annaneese, Monaghan",bpashlerik@issuu.com,754 257 9016
Eustacia Joost,"Abbeyland, Kildare","Annareagh North, Monaghan",ejoostil@topsy.com,446 801 8938
Bevin Lumpkin,"Abbeyland, Meath","Annareagh South, Monaghan",blumpkinim@hostgator.com,317 288 3204
Eliot Briamo,"Abbeyland, Meath","Annaroe, Monaghan",ebriamoin@usgs.gov,633 481 6301
Marielle Rack,"Abbeyland, Westmeath","Annaseeragh, Monaghan",mrackio@comsenz.com,542 482 3585
Theodosia Tether,"Abbey Land, Longford","Annaskinnan, Westmeath",ttetherip@about.me,836 848 3764
Doretta Stone,"Abbeyland And Charlestown, Westmeath","Annaslee, Donegal",dstoneiq@ox.ac.uk,293 715 2106
Trey Cowles,"Abbeyland Great, Galway","Annaveagh, Monaghan",tcowlesir@istockphoto.com,725 876 4617
Hildagarde Eyers,"Abbeyland Little, Galway","Annayalla, Monaghan",heyersis@marketwatch.com,557 156 1547
Dahlia Besset,"Abbeyland North, Galway","Annayalla, Monaghan",dbessetit@wsj.com,383 294 3100
Wanids Bettis,"Abbeylands, Donegal","Annees, Cork",wbettisiu@illinois.edu,989 215 3491
Flss Minghetti,"Abbeylands, Kerry","Annefield, Cork",fminghettiiv@ocn.ne.jp,807 857 7753
Dniren Longforth,"Abbeylands, Kilkenny","Annefield, Kilkenny",dlongforthiw@jalbum.net,242 768 7703
Thomasine Huard,"Abbeylands, Limerick","Annefield, Mayo",thuardix@infoseek.co.jp,714 725 8469
Odette Luck,"Abbeylands, Mayo","Annefield, Wexford",oluckiy@blog.com,472 118 7381
Kimmy Dimitrijevic,"Abbeylands, Wicklow","Annesgift, Tipperary",kdimitrijeviciz@google.ru,213 787 3908
Bearnard Coxon,"Abbey-Lands, Cork","Annesgrove, Cork",bcoxonj0@abc.net.au,337 397 9991
Zared Orgen,"Abbeyland South, Galway","Annestown, Waterford",zorgenj1@cafepress.com,903 156 1952
Hildegarde Bleaden,"Abbeyland South, Meath","Annestown, Waterford",hbleadenj2@cnet.com,155 667 5732
Yasmeen Eacle,"Abbeylara, Longford","Anneville, Clare",yeaclej3@apache.org,570 795 5283
Trev Dewdney,"Abbeylara, Longford","Anneville, Laois",tdewdneyj4@squarespace.com,412 979 1911
Dacy Hardington,"Abbeyleix, Laois","Anneville, Meath",dhardingtonj5@twitter.com,961 316 6720
Kylie Skynner,"Abbeyleix Demesne, Laois","Anneville, Westmeath",kskynnerj6@yelp.com,284 322 0328
Sianna Tynewell,"Abbeymahon, Cork","Annfield, Dublin",stynewellj7@odnoklassniki.ru,119 807 7925
Patrica Stutard,"Abbeypark, Galway","Annfield, Kilkenny",pstutardj8@cdbaby.com,181 103 4075
Olimpia Kingescot,"Abbeyquarter, Mayo","Annfield, Tipperary",okingescotj9@statcounter.com,202 588 9213
Zachary Friman,"Abbeyquarter North, Sligo","Anngrove, Cork",zfrimanja@php.net,773 793 2508
Kelley Arnout,"Abbeyquarter South, Sligo","Annies, Louth",karnoutjb@hao123.com,979 648 9977
Carrie Stollberger,"Abbeyshrule, Longford","Annies, Mayo",cstollbergerjc@issuu.com,760 806 2360
Ervin Benardet,"Abbeyshrule, Longford","Annies, Monaghan",ebenardetjd@soup.io,295 473 8318
Zackariah Moretto,"Abbeyside, Waterford","Annistown, Cork",zmorettoje@1und1.de,436 300 0980
Ros MacGuigan,"Abbeystrowry, Cork","Annsbrook, Dublin",rmacguiganjf@trellian.com,431 879 4517
Granthem Klas,"Abbeytown, Galway","Anny, Monaghan",gklasjg@artisteer.com,267 595 9521
Nolan Ferreras,"Abbeytown, Mayo","Annyalty, Monaghan",nferrerasjh@dion.ne.jp,448 663 2214
Libbey Helwig,"Abbeytown, Sligo","Annyart, Monaghan",lhelwigji@booking.com,518 344 2368
Collin Maslen,"Abbeyville, Dublin","Annyeeb, Monaghan",cmaslenjj@a8.net,272 869 9508
Gare Kensall,"Abbeyville, Galway","Annyerk, Monaghan",gkensalljk@furl.net,426 313 7093
Isabelle Upham,"Abbeyville, Sligo","Anny Far And Near, Donegal",iuphamjl@sakura.ne.jp,747 738 1651
Zebulen Stife,"Abbey West, Clare","Anrittabeg, Roscommon",zstifejm@cbslocal.com,381 383 4820
Torrance Mate,"Abbotstown, Dublin","Anskert, Leitrim",tmatejn@columbia.edu,598 392 2254
Lishe Vell,"Abelstown, Meath","Anster, Laois",lvelljo@webs.com,201 599 1736
Phillipp Jerrim,"Abington, Limerick","Antfield, Leitrim",pjerrimjp@mayoclinic.com,602 817 4148
Auberon Arundel,"Ablintown, Wexford","Antylstown, Meath",aarundeljq@disqus.com,802 699 3809
Linzy Rosini,"Acantha, Offaly","Anveyerg, Monaghan",lrosinijr@ovh.net,790 747 9097
Elbert Ivanikov,"Acarreagh, Louth","Aphort, Donegal",eivanikovjs@devhub.com,473 663 9608
Nickola Winsper,"Acaun, Carlow","Applefort, Clare",nwinsperjt@cnn.com,257 296 7744
Ewart Stickford,"Achillbeg Island, Mayo","Appletown, Limerick",estickfordju@biglobe.ne.jp,783 235 6953
Joya Jull,"Achill Sound, Mayo","Applevale, Clare",jjulljv@adobe.com,349 166 7534
Fleurette Shubotham,"Achonry, Sligo","Ara, Mayo",fshubothamjw@freewebs.com,515 133 9602
Hubert Lebang,"Achonry, Sligo","Arabela, Kerry",hlebangjx@diigo.com,226 460 3888
Kat Lambert-Ciorwyn,"Ackeys Island, Donegal","Araghty, Roscommon",klambertciorwynjy@businessweek.com,499 388 3602
Horatius Langfield,"Aclamon, Wexford","Araglin, Cork",hlangfieldjz@nasa.gov,613 504 0224
Clarabelle Jennins,"Aclare, Carlow","Aran Island, Donegal",cjenninsk0@pcworld.com,462 321 1465
Murdoch McKendo,"Aclare, Sligo","Arbatt, Donegal",mmckendok1@unesco.org,412 704 7899
Marlo Faulkes,"Aclint, Louth","Arbourhill, Tipperary",mfaulkesk2@t.co,726 315 1495
Tasia Pope,"Acraboy, Tipperary","Arbourhill, Tipperary",tpopek3@cnn.com,834 711 1292
Giusto Druery,"Acragar, Kilkenny","Archdeaconry Glebe, Meath",gdrueryk4@imgur.com,217 344 4708
Katleen Kebbell,"Acragar, Laois","Archersgrove, Kilkenny",kkebbellk5@sina.com.cn,488 881 0642
Benton Smorthit,"Acraroe, Kilkenny","Archersleas, Kilkenny",bsmorthitk6@yahoo.com,556 868 0127
Gabriel Norcross,"Acre Beg, Galway","Archersrath, Kilkenny",gnorcrossk7@time.com,192 147 8506
Weylin Randal,"Acre East, Galway","Archerstown, Laois",wrandalk8@drupal.org,731 679 4097
Nadeen Bellson,"Acre More, Galway","Archerstown, Meath",nbellsonk9@samsung.com,952 158 5477
Lenore Fechnie,"Acrenakirka, Tipperary","Archerstown, Tipperary",lfechnieka@nydailynews.com,647 789 4545
Billy Pedrocco,"Acres, Cavan","Archerstown, Westmeath",bpedroccokb@bandcamp.com,804 774 4386
Annamaria Leavens,"Acres, Clare","Archerstown, Westmeath",aleavenskc@craigslist.org,954 522 2498
Ruddie Hastewell,"Acres, Clare","Archerstreet Lot, Kilkenny",rhastewellkd@nationalgeographic.com,299 473 5614
Field Burry,"Acres, Clare","Arch Hall, Meath",fburryke@aol.com,467 107 6054
Bevan Wildbore,"Acres, Cork","Arclintagh, Monaghan",bwildborekf@github.io,481 764 8399
Chrisy Hairyes,"Acres, Cork","Ard, Galway",chairyeskg@bigcartel.com,559 484 0883
Dur Hurcombe,"Acres, Cork","Ard, Offaly",dhurcombekh@irs.gov,187 135 5353
Ana Shepherdson,"Acres, Cork","Ardabaun, Kerry",ashepherdsonki@zdnet.com,897 156 0918
Robena Broadbere,"Acres, Cork","Ardabrone, Sligo",rbroadberekj@ameblo.jp,405 554 2496
Whitman Clerke,"Acres, Cork","Ardacarha, Mayo",wclerkekk@abc.net.au,899 313 1698
Putnam Neat,"Acres, Cork","Ardachrin, Donegal",pneatkl@phpbb.com,214 652 5384
Garrek Elcott,"Acres, Galway","Ardacluckeen, Kerry",gelcottkm@quantcast.com,245 384 9521
Lammond Dowrey,"Acres, Galway","Ardacluggin, Cork",ldowreykn@usatoday.com,872 427 5141
Rubin Foulks,"Acres, Galway","Ardacong, Galway",rfoulksko@behance.net,957 650 3551
Ilsa Carnow,"Acres, Kerry","Ardacrow, Cork",icarnowkp@example.com,333 106 4341
Donnie MacNeilly,"Acres, Kerry","Ardadam, Cork",dmacneillykq@nba.com,470 279 1399
Eugenio McWilliams,"Acres, Kerry","Ardagannive, Cork",emcwilliamskr@pbs.org,184 510 5986
Jasper Parzis,"Acres, Leitrim","Ardaganny, Donegal",jparzisks@omniture.com,217 843 8759
Ode Abrahim,"Acres, Leitrim","Ardagawna, Roscommon",oabrahimkt@umn.edu,675 764 7582
Anabella Snelling,"Acres, Limerick","Ardagh, Cork",asnellingku@over-blog.com,661 364 8223
Sybille Brick,"Acres, Longford","Ardagh, Cork",sbrickkv@netvibes.com,900 291 4288
Gaile Lickorish,"Acres, Mayo","Ardagh, Cork",glickorishkw@yolasite.com,151 288 8465
Vi Asals,"Acres, Monaghan","Ardagh, Donegal",vasalskx@dot.gov,551 785 8204
Joshuah Luchetti,"Acres, Monaghan","Ardagh, Galway",jluchettiky@clickbank.net,524 500 2307
Jerrilyn Louch,"Acres, Roscommon","Ardagh, Galway",jlouchkz@webmd.com,306 319 6705
Ange Ugoni,"Acres, Roscommon","Ardagh, Kerry",augonil0@squarespace.com,351 941 0491
Sigvard Cino,"Acres, Waterford","Ardagh, Kerry",scinol1@ucoz.ru,605 321 4409
Margaret Simioni,"Acre West, Galway","Ardagh, Leitrim",msimionil2@example.com,785 986 4742
Estell Madgwick,"Adamstown, Cork","Ardagh, Leitrim",emadgwickl3@sbwire.com,488 379 8845
Francis Lewinton,"Adamstown, Dublin","Ardagh, Limerick",flewintonl4@ucsd.edu,657 108 6962
Issie Sirkett,"Adamstown, Dublin","Ardagh, Limerick",isirkettl5@1und1.de,597 120 2264
Cooper Loomis,"Adamstown, Limerick","Ardagh, Louth",cloomisl6@nytimes.com,185 967 5965
Sharla Foxcroft,"Adamstown, Louth","Ardagh, Mayo",sfoxcroftl7@usgs.gov,890 215 4813
Ulrica Tussaine,"Adamstown, Meath","Ardagh, Mayo",utussainel8@ask.com,799 747 5832
Chiquita Delhanty,"Adamstown, Tipperary","Ardagh, Meath",cdelhantyl9@51.la,810 757 8316
Alix Jeannel,"Adamstown, Waterford","Ardagh, Roscommon",ajeannella@qq.com,286 559 0742
Katharyn Gravenall,"Adamstown, Westmeath","Ardagh, Sligo",kgravenalllb@opensource.org,294 187 9749
Zacherie Varndell,"Adamstown, Wexford","Ardagh Demesne, Longford",zvarndelllc@yellowbook.com,140 869 1199
Colline Cumbridge,"Adamstown, Wexford","Ardagh East, Cork",ccumbridgeld@microsoft.com,724 318 2429
Eb Girardet,"Adamstown Lower, Kilkenny","Ardagh North, Cork",egirardetle@wordpress.org,167 746 9081
Holli O'Bradain,"Adamstown Upper, Kilkenny","Ardagh South, Cork",hobradainlf@de.vu,559 518 8114
Anton Itzig,"Adamswood, Limerick","Ardagh West, Cork",aitziglg@fc2.com,778 994 6228
Gardner Jager,"Adare, Limerick","Ardaghy, Louth",gjagerlh@si.edu,661 706 1720
Missie Muck,"Adare, Limerick","Ardaghy, Monaghan",mmuckli@adobe.com,157 129 2936
Fairleigh Stieger,"Addane, Tipperary","Ardaghy Glebe, Donegal",fstiegerlj@dailymail.co.uk,368 129 7407
Kenyon Lifton,"Addanstown, Meath","Ardaghy Kill, Monaghan",kliftonlk@hp.com,971 629 1096
Brand Dibley,"Addergoole, Clare","Ardagilla, Cork",bdibleyll@icq.com,944 864 0250
Hobey Lattey,"Addergoole, Galway","Ardagullion, Longford",hlatteylm@edublogs.org,203 745 7789
Olivier Menichi,"Addergoole, Galway","Ardahee, Donegal",omenichiln@skyrock.com,675 559 8654
Drusi Nordass,"Addergoole, Galway","Ardahill, Cork",dnordasslo@unesco.org,760 531 1656
Clive Snookes,"Addergoole, Laois","Ardakillin, Roscommon",csnookeslp@icq.com,583 822 3291
Alphonso Balmforth,"Addergoole, Mayo","Ardakip Beg, Leitrim",abalmforthlq@booking.com,418 891 4882
Noam Baugham,"Addergoole Beg, Galway","Ardakip More, Leitrim",nbaughamlr@census.gov,819 688 3355
Mignonne Begent,"Addergoole More, Galway","Ardaloo, Kilkenny",mbegentls@comcast.net,776 542 9244
Hewett Shute,"Addergoole North, Galway","Ardamadane, Cork",hshutelt@barnesandnoble.com,342 192 2559
Lacy Bass,"Addergoole South, Galway","Ardamagh, Cavan",lbasslu@usa.gov,241 217 4097
Karil Koles,"Addergoole West, Galway","Ardamore, Kerry",kkoleslv@hostgator.com,377 857 2119
Julianne Coghlin,"Addergown, Kerry","Ardamullivan, Galway",jcoghlinlw@weather.com,274 476 3289
Tomlin Glencross,"Adderville, Donegal","Ardan, Cavan",tglencrosslx@yale.edu,770 423 5071
Barbi Aubri,"Adderwal, Donegal","Ardan, Offaly",baubrily@nymag.com,275 232 0045
Demott Langelaan,"Addinstown, Westmeath","Ardan, Westmeath",dlangelaanlz@bravesites.com,852 193 8950
Jessie MacGee,"Addragool, Galway","Ardanaffrin, Roscommon",jmacgeem0@va.gov,278 365 4089
Starr Sellars,"Addrigoole, Waterford","Ardanairy, Wicklow",ssellarsm1@bloglovin.com,447 484 8113
Farley Lightman,"Addroon, Clare","Ardane, Galway",flightmanm2@youku.com,703 756 3520
Koralle Emson,"Aderavoher, Sligo","Ardane, Tipperary",kemsonm3@shinystat.com,693 733 1117
Vite Roskilly,"Adereen, Leitrim","Ardaneanig, Kerry",vroskillym4@npr.org,524 281 8632
Euell Leacy,"Aderg, Mayo","Ardaneer, Limerick",eleacym5@engadget.com,154 634 9352
Linc Wardel,"Aderrig, Dublin","Ardaneneen, Cork",lwardelm6@over-blog.com,133 763 8945
Frasier Beddie,"Admiran, Donegal","Ardanenig, Cork",fbeddiem7@aboutads.info,188 936 8014
Sheilakathryn Souster,"Adoon, Leitrim","Ardanew, Meath",ssousterm8@amazonaws.com,887 168 8803
Jessie Buckenham,"Adragool, Roscommon","Ardanragh, Longford",jbuckenhamm9@goo.gl,386 378 6398
Sibylle Dany,"Adramone Beg, Waterford","Ardanreagh, Limerick",sdanyma@spotify.com,315 258 5866
Frank McPeice,"Adramone More, Waterford","Ardaprior, Cork",fmcpeicemb@gov.uk,113 251 4640
Dela Wadham,"Adraval, Kerry","Ardara, Donegal",dwadhammc@tmall.com,838 380 9275
Georgi Tessyman,"Adrigole, Cork","Ardara, Donegal",gtessymanmd@godaddy.com,267 840 6648
Jannel Akhurst,"Adrigole, Cork","Ardaragh East, Cork",jakhurstme@prweb.com,833 191 1299
Margret McBoyle,"Adrigool, Cork","Ardaragh West, Cork",mmcboylemf@intel.com,314 770 5289
Rochester Gowthrop,"Adrivale, Cork","Ardaravan, Donegal",rgowthropmg@wsj.com,804 566 2100
Stacy Pleat,"Adruel, Offaly","Ardarawer, Donegal",spleatmh@arstechnica.com,511 911 9252
Lucilia Babonau,"Afaddy, Kilkenny","Ardardagh, Cavan",lbabonaumi@nbcnews.com,245 730 6802
Rog Mitchard,"Affane, Waterford","Ardarostig, Cork",rmitchardmj@state.tx.us,122 788 9200
Ronalda O' Loughran,"Affane Hunter, Waterford","Ardarou, Cork",romk@nbcnews.com,502 321 1706
Dory Morant,"Affick, Clare","Ardarragh, Cavan",dmorantml@free.fr,488 606 2668
Cosme Millar,"Affoley, Tipperary","Ardarrig, Cork",cmillarmm@va.gov,228 809 2055
Lissi Lawn,"Affollus, Meath","Ardass, Roscommon",llawnmn@sfgate.com,235 952 7692
Dyann Cromett,"Affouley, Kerry","Ardataggle, Clare",dcromettmo@t-online.de,683 974 8517
Jerry Orae,"Afoley, Laois","Ardatedaun, Kerry",joraemp@quantcast.com,338 571 1892
Gwenora Benton,"Agall, Offaly","Ardateggle, Laois",gbentonmq@netvibes.com,286 607 3016
Venus Tyght,"Aggard Beg, Galway","Ardatowel, Donegal",vtyghtmr@businessinsider.com,817 506 9735
Gertruda Kornel,"Aggard More, Galway","Ardattin, Carlow",gkornelms@arstechnica.com,568 463 8634
Norby Letherbury,"Agha, Carlow","Ardattin, Carlow",nletherburymt@about.me,484 283 4744
Tory Bandt,"Agha, Cork","Ardaturr, Donegal",tbandtmu@ca.gov,733 490 6225
Jane Jagson,"Agha, Kilkenny","Ardaturrish Beg, Cork",jjagsonmv@tiny.cc,915 558 7012
Mercie Schohier,"Aghabane, Cavan","Ardaturrish More, Cork",mschohiermw@ft.com,562 164 5687
Adelaida Martin,"Aghabeg, Carlow","Ardaturr Mountain, Donegal",amartinmx@java.com,115 779 8780
Caritta Cary,"Aghabeg, Cork","Ardaun, Galway",ccarymy@chicagotribune.com,459 499 1354
Fionna Alvarado,"Aghabeg East, Kerry","Ardaun East, Galway",falvaradomz@bbc.co.uk,435 759 6344
Deanne Turmel,"Aghabeg Middle, Kerry","Ardaun West, Galway",dturmeln0@ocn.ne.jp,569 612 8004
Barth Berisford,"Aghabeg West, Kerry","Ardavagga, Offaly",bberisfordn1@fastcompany.com,425 816 9190
Rivalee Julian,"Aghabehy, Roscommon","Ardavullane, Tipperary",rjuliann2@issuu.com,375 704 1276
Dyan Beane,"Aghaboe, Laois","Ardawarry, Galway",dbeanen3@lulu.com,920 608 5208
Aeriela Foister,"Aghaboe, Laois","Ardballan, Louth",afoistern4@stumbleupon.com,539 133 9609
Cristy Penburton,"Aghabog, Monaghan","Ardballymore, Westmeath",cpenburtonn5@google.nl,850 993 3077
Daryle Beden,"Aghaboneill, Leitrim","Ardbane, Donegal",dbedenn6@chicagotribune.com,202 614 3476
Stuart Whiteway,"Aghaboy, Cavan","Ardbane, Donegal",swhitewayn7@histats.com,570 636 7237
Sinclare Bullene,"Aghaboy, Cavan","Ardbane, Tipperary",sbullenen8@state.gov,161 671 6110
Finley Brocket,"Aghaboy, Longford","Ardbash, Offaly",fbrocketn9@moonfruit.com,966 630 4720
Marj Vassar,"Aghaboy, Monaghan","Ardbaun, Tipperary",mvassarna@mayoclinic.com,730 872 9625
Jesus Scotti,"Aghaboy, Offaly","Ardbear, Galway",jscottinb@constantcontact.com,165 395 4256
Abigale Leyburn,"Aghaboy North, Monaghan","Ardbearn, Carlow",aleyburnnc@cpanel.net,119 942 4187
Kenon Bineham,"Aghaboys, Louth","Ardbearn And Torman, Carlow",kbinehamnd@berkeley.edu,881 924 6472
Washington Windrass,"Aghaboy South, Monaghan","Ardbeg, Kerry",wwindrassne@spiegel.de,915 156 8307
Tobi Rimes,"Aghabrack, Longford","Ardbeg, Kilkenny",trimesnf@pagesperso-orange.fr,749 896 0647
Cindelyn Kirkby,"Aghabrack, Westmeath","Ardberreen, Galway",ckirkbyng@ihg.com,789 177 1453
Bethany Scheffler,"Aghabrick, Monaghan","Ardboghil, Longford",bschefflernh@loc.gov,531 445 6438
Sella Whellams,"Aghabullogue, Cork","Ardbohil, Limerick",swhellamsni@usatoday.com,300 158 5620
Wynn Casterou,"Aghaburren, Cork","Ardboley North, Mayo",wcasterounj@kickstarter.com,243 905 4974
Elene Ribeiro,"Aghacarra, Roscommon","Ardboley South, Mayo",eribeironk@discovery.com,381 879 5773
Shelby Sissens,"Aghacarrible, Kerry","Ardbolies, Louth",ssissensnl@yellowbook.com,194 974 7831
Deloria Barcroft,"Aghacashel, Cavan","Ardbooly Lower, Clare",dbarcroftnm@goo.ne.jp,504 842 1614
Andras McLeese,"Aghacashel, Leitrim","Ardbooly Upper, Clare",amcleesenn@businesswire.com,669 438 3527
Palm Anselmi,"Aghacashlaun, Leitrim","Ardborra, Westmeath",panselmino@arstechnica.com,362 462 7118
Gregorius Graeser,"Aghaclay, Monaghan","Ardboy, Kilkenny",ggraesernp@nydailynews.com,903 890 3962
Sayer Baiss,"Aghaclogha, Monaghan","Ardbraccan, Meath",sbaissnq@webs.com,120 453 0564
Michaeline Ratledge,"Aghacloghan, Monaghan","Ardbrack, Cork",mratledgenr@ameblo.jp,997 577 7427
Paxon Moff,"Aghaclogher, Roscommon","Ardbrackan, Meath",pmoffns@senate.gov,256 740 4949
Yule Rettie,"Aghacocara, Westmeath","Ardbrennan, Westmeath",yrettient@blogtalkradio.com,388 937 0354
Kaspar Dady,"Aghaconny, Cavan","Ardbuckan, Westmeath",kdadynu@sina.com.cn,625 636 4116
Correy Wreford,"Aghacoora, Kerry","Ardcahan, Cork",cwrefordnv@paypal.com,882 502 5254
Andres Dionisi,"Aghacordrinan, Longford","Ardcalf, Meath",adionisinw@acquirethisname.com,411 416 6806
Rayshell Coling,"Aghacreevy, Cavan","Ardcanaght, Kerry",rcolingnx@soup.io,436 627 0193
Hildagard Dulen,"Aghacross, Cork","Ardcandrisk, Wexford",hdulenny@naver.com,934 695 2187
Rhody Sturdy,"Aghacunna, Cork","Ardcarn, Roscommon",rsturdynz@photobucket.com,304 937 3489
Dionne Antonognoli,"Aghacurreen, Kerry","Ardcarn, Roscommon",dantonognolio0@fotki.com,551 223 9006
Bobbe Vanini,"Aghacurreen, Roscommon","Ardcarney, Clare",bvaninio1@youtu.be,194 791 4057
Dory Wyon,"Aghada, Cork","Ardcath, Meath",dwyono2@si.edu,590 261 8608
Hieronymus Blest,"Aghada, Cork","Ardcavan, Wexford",hblesto3@about.me,628 798 9668
Marlena Habershon,"Aghadachor, Donegal","Ardchamoyle, Roscommon",mhabershono4@simplemachines.org,301 649 5220
Harmon Garwill,"Aghadaghly, Donegal","Ardchicken, Donegal",hgarwillo5@mozilla.org,160 450 4484
Krissy Garry,"Aghadangan, Roscommon","Ardclogh, Kildare",kgarryo6@mashable.com,902 479 1696
Cam Labbe,"Aghadark, Leitrim","Ardclone, Kilkenny",clabbeo7@wufoo.com,620 420 1731
Merwyn Jardin,"Aghadaugh, Westmeath","Ardcloon, Galway",mjardino8@last.fm,893 871 9279
Jessamyn Brockie,"Aghade, Carlow","Ardcloon, Mayo",jbrockieo9@wunderground.com,652 839 9558
Dyanna Goodfellowe,"Aghadegnan, Longford","Ardcloony, Clare",dgoodfelloweoa@nasa.gov,155 342 1099
Cchaddie Washington,"Aghaderrard East, Leitrim","Ardcloyne, Cork",cwashingtonob@about.me,798 274 8077
Livvie O'Halleghane,"Aghaderrard West, Leitrim","Ardcolagh, Roscommon",lohalleghaneoc@jalbum.net,529 385 2365
Rosalynd Bazek,"Aghaderry, Monaghan","Ardcollum, Roscommon",rbazekod@ucoz.ru,109 732 3106
Maurita Shovelton,"Aghaderry, Roscommon","Ardcolm, Wexford",mshoveltonoe@indiegogo.com,142 963 4187
Violetta Aujean,"Aghadiffin, Mayo","Ardcolman, Roscommon",vaujeanof@sbwire.com,412 860 6415
Barr Gerriessen,"Aghadoe, Cork","Ardcolum, Leitrim",bgerriessenog@reuters.com,166 437 1497
Delila Ochiltree,"Aghadonagh, Longford","Ardconnell, Kerry",dochiltreeoh@army.mil,731 985 4900
Ellerey Brugsma,"Aghadonagh, Offaly","Ardconnell, Sligo",ebrugsmaoi@php.net,309 717 4105
Hamlin Kield,"Aghadooey Glebe, Mayo","Ardconra, Roscommon",hkieldoj@360.cn,429 475 9509
Chev Borleace,"Aghadoon, Cavan","Ardcoohig, Cork",cborleaceok@imdb.com,646 753 7014
Angeline Tingly,"Aghadoon, Mayo","Ardcorcoran, Roscommon",atinglyol@yelp.com,630 225 5639
Prudence Marnane,"Aghadouglas, Offaly","Ardcorky, Mayo",pmarnaneom@pinterest.com,451 794 3669
Rayshell Cestard,"Aghadowey, Donegal","Ardcost, Kerry",rcestardon@dedecms.com,741 110 3626
Ermina Breinl,"Aghadown, Cork","Ardcotten, Sligo",ebreinloo@ucsd.edu,479 604 1955
Tedman Crossgrove,"Aghadown, Cork","Ardcree, Sligo",tcrossgroveop@java.com,140 756 1385
Welbie Alabastar,"Aghadowry, Longford","Ardcrone, Kerry",walabastaroq@google.fr,396 266 4110
Renault Kepling,"Aghadreen, Laois","Ardcrony, Tipperary",rkeplingor@blogtalkradio.com,946 610 5876
Evin Dumberell,"Aghadreenagh, Cavan","Ardcrony, Tipperary",edumberellos@mayoclinic.com,985 172 1532
Pernell Issitt,"Aghadreenagh, Cavan","Ardcullen, Kerry",pissittot@yelp.com,228 343 8941
Rosina Phaup,"Aghadreenan, Donegal","Ardcullen-Marshes, Kerry",rphaupou@timesonline.co.uk,950 539 7415
Sarah Capponeer,"Aghadreenan, Monaghan","Ardcumber, Sligo",scapponeerov@ucoz.com,509 912 4629
Fulton Frazier,"Aghadrestan, Roscommon","Ardcurley, Sligo",ffrazierow@prweb.com,514 307 0279
Marchall Izhaky,"Aghadrinagh, Mayo","Ardderroo, Galway",mizhakyox@live.com,430 242 4321
Lyle Galle,"Aghadrumcarn, Leitrim","Ardderrynagleragh, Galway",lgalleoy@goo.gl,284 963 1961
Gordy Jone,"Aghadrumcru, Monaghan","Arddrine, Limerick",gjoneoz@hubpages.com,232 212 3108
Trudi Checcucci,"Aghadrumderg, Leitrim","Ardea, Cork",tcheccuccip0@netscape.com,828 771 0989
Paxton Pentecost,"Aghadrumdoney, Monaghan","Ardea, Kerry",ppentecostp1@hud.gov,105 580 0480
Sigrid Donohue,"Aghadrumgowna, Cavan","Ardeamush, Clare",sdonohuep2@nature.com,582 392 8241
Curt Winkless,"Aghadrumgullin, Cavan","Ardeash, Roscommon",cwinklessp3@nbcnews.com,342 368 2544
Meris Syrie,"Aghadruminshin, Leitrim","Ard East, Galway",msyriep4@netvibes.com,713 719 9022
Rickey Dommersen,"Aghadrumkeen, Monaghan","Ardee, Donegal",rdommersenp5@google.com.hk,670 404 3863
Briant Fronsek,"Aghadrumkeen, Monaghan","Ardee, Louth",bfronsekp6@instagram.com,557 554 6028
Debee Onele,"Aghaduff, Cork","Ardee, Louth",donelep7@umich.edu,953 463 2651
Corene Huddy,"Aghadunvane, Leitrim","Ardeelan Lower, Donegal",chuddyp8@boston.com,373 165 1189
Talbot Tibb,"Aghafad, Cavan","Ardeelan Upper, Donegal",ttibbp9@blogger.com,469 194 8192
Linnet Comettoi,"Aghafad, Longford","Ardeen, Cork",lcomettoipa@arstechnica.com,967 688 2441
Mamie Elves,"Aghafad, Monaghan","Ardeen, Kerry",melvespb@adobe.com,637 499 6837
Ramona Filippello,"Aghafadda, Galway","Ardeenloun East, Waterford",rfilippellopc@networksolutions.com,848 331 0711
Hastie Osmant,"Aghafadda, Mayo","Ardeenloun West, Waterford",hosmantpd@a8.net,904 434 8471
Jocko Keeler,"Aghafarnan, Meath","Ardeevin, Donegal",jkeelerpe@e-recht24.de,118 237 8233
Quinn Muffen,"Aghafin, Laois","Ardeevin, Galway",qmuffenpf@oaic.gov.au,249 294 9144
Kristi Coggeshall,"Aghafin, Longford","Ardeevin, Roscommon",kcoggeshallpg@accuweather.com,575 835 8907
Culver Osment,"Aghafin, Monaghan","Ardellis Lower, Kildare",cosmentph@over-blog.com,970 355 3469
Seward Copins,"Aghafin, Offaly","Ardellis Upper, Kildare",scopinspi@army.mil,208 465 2520
Kara Trase,"Aghafin, Roscommon","Ardenagh Great, Wexford",ktrasepj@nps.gov,417 771 4770
Fraze Stinson,"Aghafin, Westmeath","Ardenagh Little, Wexford",fstinsonpk@example.com,444 663 8388
Fenelia Van Vuuren,"Aghafin, Westmeath","Arderra, Kilkenny",fvanpl@vinaora.com,446 782 3489
Vickie Yakobowitch,"Aghafore, Cork","Arderrawinny, Cork",vyakobowitchpm@senate.gov,378 232 7325
Stephen Snelman,"Aghafoy, Donegal","Arderrow, Cork",ssnelmanpn@cyberchimps.com,483 487 7798
Sisely Fairlem,"Aghafullim, Kildare","Arderry, Cavan",sfairlempo@twitter.com,173 759 7262
Falito Fletham,"Aghagad, Roscommon","Arderry, Leitrim",fflethampp@reddit.com,444 958 1378
Albina Tatteshall,"Aghagad, Sligo","Arderry, Mayo",atatteshallpq@economist.com,627 858 1983
Crystal Cheeld,"Aghagadda, Kerry","Arderry, Mayo",ccheeldpr@cafepress.com,922 878 2994
Langsdon Leggon,"Aghagah, Longford","Ardeskin, Donegal",lleggonps@multiply.com,442 633 6358
Ximenez Ioselev,"Aghagally, Monaghan","Ardfarn, Donegal",xioselevpt@pagesperso-orange.fr,793 868 3824
Katerina Chapple,"Aghagashlan, Cavan","Ardfert, Kerry",kchapplepu@dailymail.co.uk,301 735 5641
Ida Wordley,"Aghagaw, Monaghan","Ardfert, Kerry",iwordleypv@home.pl,692 183 0324
Keary Farnes,"Aghagegna, Cavan","Ardfert Oughter, Kerry",kfarnespw@dropbox.com,505 754 3661
Flint Benech,"Aghaginny, Leitrim","Ardfield, Cork",fbenechpx@stanford.edu,867 771 5353
Hobie Cianelli,"Aghaglasheen, Mayo","Ardfinnan, Tipperary",hcianellipy@guardian.co.uk,818 906 5671
Jard Forgan,"Aghaglass, Monaghan","Ardfinnan, Tipperary",jforganpz@slashdot.org,744 567 5338
Annabel Galletley,"Aghaglassan, Donegal","Ardfintan, Galway",agalletleyq0@blog.com,306 892 0336
Marcia Stell,"Aghaglinny North, Clare","Ardfrail, Meath",mstellq1@hubpages.com,886 347 9067
Way Feaks,"Aghaglinny South, Clare","Ardfry, Galway",wfeaksq2@ovh.net,620 585 3200
Feliks Ballefant,"Aghagolrick, Cavan","Ardgaineen, Galway",fballefantq3@tripadvisor.com,798 679 3889
Linda Pennycuick,"Aghagoogy, Offaly","Ardgallagher, Roscommon",lpennycuickq4@pagesperso-orange.fr,120 324 6309
Adlai Babington,"Aghagooheen, Cork","Ardgallin, Sligo",ababingtonq5@flavors.me,322 772 7995
Carlyle Capun,"Aghagower, Mayo","Ardgeeha, Tipperary",ccapunq6@prnewswire.com,951 507 2850
Fifi Roskelly,"Aghagower, Mayo","Ardgeeha Lower, Tipperary",froskellyq7@wikispaces.com,851 675 4143
Prince Naulty,"Aghagower, Roscommon","Ardgeeha Upper, Tipperary",pnaultyq8@hao123.com,654 890 1996
Shaun Tolley,"Aghagowla, Roscommon","Ardgehane, Cork",stolleyq9@dot.gov,728 350 1829
Toma Hymer,"Aghagowla Beg, Mayo","Ardgehane, Cork",thymerqa@indiegogo.com,231 921 5542
Alfons Creech,"Aghagowla More, Mayo","Ardgillan Demesne, Dublin",acreechqb@archive.org,302 416 3845
Bryant Trobridge,"Aghagrania, Leitrim","Ardgillew, Donegal",btrobridgeqc@addthis.com,475 167 1719
Afton Vlasov,"Aghagreagh, Longford","Ardginny, Monaghan",avlasovqd@trellian.com,202 751 4271
Rachele Wardroper,"Aghagurty, Offaly","Ardgivna, Sligo",rwardroperqe@joomla.org,815 171 3122
Hendrik Roxbrough,"Aghahull, Donegal","Ardglare, Cork",hroxbroughqf@wunderground.com,130 260 3609
Nonnah Sebrens,"Aghakee, Cavan","Ardglass, Cork",nsebrensqg@wunderground.com,531 404 5250
Weston Joderli,"Aghakeel, Longford","Ardglass, Donegal",wjoderliqh@tinypic.com,430 916 9374
Merry Hearn,"Aghakeeran, Longford","Ardglass, Roscommon",mhearnqi@state.gov,290 181 4897
Abbot Bergstram,"Aghakilbrack, Leitrim","Ardglassan, Meath",abergstramqj@live.com,407 750 7810
Georgena Colley,"Aghakilconnell, Leitrim","Ardglushin, Cavan",gcolleyqk@twitpic.com,435 291 9669
Cyndi Arstall,"Aghakilfaughna, Leitrim","Ardgort, Cork",carstallql@cnn.com,792 699 2388
Muire Petschel,"Aghakilmore, Leitrim","Ardgoulbeg, Limerick",mpetschelqm@oaic.gov.au,766 555 0212
Harvey Yate,"Aghakilmore, Longford","Ardgoul North, Limerick",hyateqn@gov.uk,237 541 8598
Curr Watson-Brown,"Aghakilmore Lower, Cavan","Ardgoul South, Limerick",cwatsonbrownqo@slideshare.net,848 322 5310
Lyndsie Mercey,"Aghakilmore Upper, Cavan","Ardgraigue, Galway",lmerceyqp@bizjournals.com,113 151 7359
Frederick Saladino,"Aghakine, Longford","Ardgreagh, Meath",fsaladinoqq@nationalgeographic.com,185 366 2643
Lyndy McCaster,"Aghakinnigh, Cavan","Ardgregane, Tipperary",lmccasterqr@myspace.com,211 801 6044
Jereme Leavey,"Aghakista, Monaghan","Ardgroom, Cork",jleaveyqs@merriam-webster.com,485 574 6149
Jordan Gabler,"Aghaknock, Cavan","Ardgroom Inward, Cork",jgablerqt@google.nl,966 636 4356
Keefer Forrester,"Aghalacka, Limerick","Ardgroom Outward, Cork",kforresterqu@harvard.edu,892 633 7500
Tracey Vasilmanov,"Aghalackan, Cavan","Ardhoom, Mayo",tvasilmanovqv@xinhuanet.com,648 250 7435
Goldarina Voce,"Aghalahard, Mayo","Ardillaun, Galway",gvoceqw@meetup.com,283 495 0866
Germayne Roman,"Aghalahard, Roscommon","Ardillon, Westmeath",gromanqx@google.com,202 946 0732
Gothart Tibbotts,"Aghalasty And Ankersland, Westmeath","Ardinawark, Donegal",gtibbottsqy@tuttocitta.it,469 497 2346
Kermie Chick,"Aghalateeve, Galway","Ardinode East, Kildare",kchickqz@netlog.com,108 739 8431
Shelley Bernade,"Aghalateeve, Leitrim","Ardinode West, Kildare",sbernader0@squidoo.com,316 123 3230
Drud Sigg,"Aghalattafraal, Cavan","Ardintenant, Cork",dsiggr1@newyorker.com,995 678 5363
Nobe Millgate,"Aghalattive, Donegal","Ardivaghan, Westmeath",nmillgater2@elpais.com,461 851 6252
Tersina Podd,"Aghalatty, Donegal","Ardkearagh, Kerry",tpoddr3@wsj.com,157 111 2191
Theresina Delieu,"Aghalaverty, Monaghan","Ardkeel, Roscommon",tdelieur4@hubpages.com,263 622 7176
Richmound Hutable,"Aghaleague, Leitrim","Ardkeen, Mayo",rhutabler5@dagondesign.com,195 580 3834
Basil Roj,"Aghaleague, Mayo","Ardkeen, Tipperary",brojr6@digg.com,384 304 1960
Oona Goulden,"Aghalee Beg, Kerry","Ardkeenagh, Roscommon",ogouldenr7@amazon.de,834 452 3160
Odele Senn,"Aghalee More, Kerry","Ardkeenagh, Roscommon",osennr8@va.gov,150 799 1949
Rodrigo Boud,"Aghalenane, Sligo","Ardkeenan, Roscommon",rboudr9@about.com,767 315 3935
Giffie Calway,"Aghalenty, Donegal","Ardkeeran, Sligo",gcalwayra@wiley.com,841 364 2567
Giorgi Emmerson,"Aghalile, Monaghan","Ardkeeran, Sligo",gemmersonrb@telegraph.co.uk,364 582 1277
Corella Lutton,"Aghalinane, Cork","Ardkill, Kildare",cluttonrc@last.fm,979 507 0330
Andy Nicolls,"Aghalion, Cavan","Ardkill, Mayo",anicollsrd@addtoany.com,685 901 3507
Tildy Turgoose,"Aghalisk, Monaghan","Ardkill, Roscommon",tturgoosere@shop-pro.jp,674 180 1554
Sofia Langland,"Aghaliskeevan, Monaghan","Ardkill, Sligo",slanglandrf@msu.edu,700 460 7875
Randall Andrzej,"Aghalissabeagh, Monaghan","Ardkill Beg, Cavan",randrzejrg@odnoklassniki.ru,553 663 5059
Corine Lashford,"Aghaloaghan, Meath","Ardkilleen, Cork",clashfordrh@behance.net,216 363 7459
Halimeda Guidone,"Aghaloonteen, Mayo","Ardkill More, Cavan",hguidoneri@sina.com.cn,619 205 3611
Meghann Obington,"Aghaloory, Cavan","Ardkilly, Cork",mobingtonrj@twitpic.com,112 265 0942
Shandy McBride,"Aghalough, Donegal","Ardkilmartin, Limerick",smcbriderk@ucoz.com,331 867 2649
Tudor Swatradge,"Aghalough, Leitrim","Ardkirk, Monaghan",tswatradgerl@webnode.com,309 781 2389
Kym Gerriessen,"Aghalough, Monaghan","Ardkirk, Monaghan",kgerriessenrm@indiatimes.com,122 271 7963
Kassi Bolan,"Aghaloughan, Cavan","Ardkitt East, Cork",kbolanrn@google.com,207 445 7035
Cassie Yeulet,"Aghaloughan, Longford","Ardkitt West, Cork",cyeuletro@marriott.com,537 340 8793
Teri Ayscough,"Aghaloughan, Monaghan","Ardkyle, Clare",tayscoughrp@answers.com,271 793 1675
Ernestine Domm,"Aghalour, Roscommon","Ardkyle, Galway",edommrq@merriam-webster.com,299 700 5618
April Van der Spohr,"Ardkilly, Cork","Ardla, Dublin",avanrr@oakley.com,268 278 6625
